INSERT INTO cardtable (name, code, pk_system, i18n, gateway, radiodatacontroller, radiodataassociate, combodatamodel, tag, system, tenant, ts, dr, secretkey, createtime) VALUES ('邮件系统', '001', '70e27aa7-c4a7-4aa7-a330-b7ec441a8313', null, '172.20.8.14', 'Y', 'Y', 'Y', null, null, null, null, 0, null, '2016-12-15 10:22:54');
INSERT INTO cardtable (name, code, pk_system, i18n, gateway, radiodatacontroller, radiodataassociate, combodatamodel, tag, system, tenant, ts, dr, secretkey, createtime) VALUES ('决策系统', '002', '37caed5b-0ff9-4ff1-9663-5e399fe8c88b', null, '172.20.8.15', 'Y', 'Y', 'Y', null, null, null, null, 0, null, '2016-12-15 10:23:15');
INSERT INTO cardtable (name, code, pk_system, i18n, gateway, radiodatacontroller, radiodataassociate, combodatamodel, tag, system, tenant, ts, dr, secretkey, createtime) VALUES ('测试系统', '003', 'af527c77-5893-43a6-94f5-efd27deb9b42', null, '172.20.8.16', 'Y', 'Y', 'Y', null, null, null, null, 0, null, '2016-12-15 10:23:27');
INSERT INTO cardtable (name, code, pk_system, i18n, gateway, radiodatacontroller, radiodataassociate, combodatamodel, tag, system, tenant, ts, dr, secretkey, createtime) VALUES ('报销系统', '004', '6d106901-c737-4bd1-b238-f2251923e5ad', null, '172.20.8.17', 'Y', 'Y', 'Y', null, null, null, null, 0, null, '2016-12-15 10:23:41');
INSERT INTO cardtable (name, code, pk_system, i18n, gateway, radiodatacontroller, radiodataassociate, combodatamodel, tag, system, tenant, ts, dr, secretkey, createtime) VALUES ('考评系统', '005', '2fa142a7-2107-40fc-a3c4-2b5bd9a3643e', null, '172.20.8.18', 'Y', 'Y', 'Y', null, null, null, null, 0, null, '2016-12-15 10:23:58');
INSERT INTO cardtable (name, code, pk_system, i18n, gateway, radiodatacontroller, radiodataassociate, combodatamodel, tag, system, tenant, ts, dr, secretkey, createtime) VALUES ('门户系统', '006', '963ae96f-2de6-425e-bbb0-2c1eef89ce08', null, '172.20.8.19', 'N', 'Y', 'Y', null, null, null, null, 0, null, '2016-12-15 10:24:24');
INSERT INTO cardtablemeta (radiodataassociate, gateway, tag, combodatamodel, code, name, pk_system, createtime, radiodatacontroller, ts, dr) VALUES ('Y', '172.20.8.14', null, 'Y', '001', '邮件系统', '07ff6b9c-3496-49f2-8958-307439abc5d4', null, 'Y', '2016-12-15 10:36:01', 0);
INSERT INTO cardtablemeta (radiodataassociate, gateway, tag, combodatamodel, code, name, pk_system, createtime, radiodatacontroller, ts, dr) VALUES ('Y', '172.20.8.15', null, 'Y', '002', '决策系统', 'b9cd70a0-f46c-43bc-9fd2-967c948c3ef6', null, 'Y', '2016-12-15 10:36:36', 0);
INSERT INTO cardtablemeta (radiodataassociate, gateway, tag, combodatamodel, code, name, pk_system, createtime, radiodatacontroller, ts, dr) VALUES ('Y', '172.20.8.16', null, 'Y', '003', '测试系统', 'ffafedc6-19bc-4ecb-80a9-1054009f38f5', null, 'Y', '2016-12-15 10:36:51', 0);
INSERT INTO cardtablemeta (radiodataassociate, gateway, tag, combodatamodel, code, name, pk_system, createtime, radiodatacontroller, ts, dr) VALUES ('Y', '172.20.8.17', null, 'Y', '004', '报销系统', 'f7362fe4-8d4a-4c50-9e8c-f5208dbe262f', null, 'Y', '2016-12-15 10:37:03', 0);
INSERT INTO cardtablemeta (radiodataassociate, gateway, tag, combodatamodel, code, name, pk_system, createtime, radiodatacontroller, ts, dr) VALUES ('Y', '172.20.8.18', null, 'Y', '005', '考评系统', 'cb636c1b-6f83-45b8-bde0-d07de3c1b608', null, 'Y', '2016-12-15 10:37:17', 0);
INSERT INTO cardtablemeta (radiodataassociate, gateway, tag, combodatamodel, code, name, pk_system, createtime, radiodatacontroller, ts, dr) VALUES ('Y', '172.20.8.19', null, 'Y', '006', '门户系统', '76ce0e72-0dfb-49d8-9c32-80713b6a9488', null, 'Y', '2016-12-15 10:37:28', 0);
INSERT INTO dept (pk_dept, dept_code, dept_name, createdate, org_id, dept_type, creationtime, parent_id, short_name, deptcanceldate, creator, ts, dr) VALUES ('29b6597a-5727-405f-b9c6-c72c381d8d8f', '40801', 'IUAP运维部', '2016-11-17 10:24:02', '857cc73f-1a08-4053-b717-09404168f081', '1', '2016-11-17 10:24:10', null, '小贷业务部', '2016-11-17 10:24:18', '徐杰春', '2016-11-17 10:24:20', 0);
INSERT INTO dept (pk_dept, dept_code, dept_name, createdate, org_id, dept_type, creationtime, parent_id, short_name, deptcanceldate, creator, ts, dr) VALUES ('383a50d4-5a78-4004-8fa0-932945cc0949', '40502', '风险管理部', '2016-11-17 10:22:20', 'b8728e89-b9f3-4a3b-9dac-7e5c9393f4cc', '1', '2016-11-17 10:22:29', '56b5e6e8-2656-46f8-b1a8-f42a42140c88', '富锦风险管理部', '2016-11-17 10:22:38', '王长林', '2016-11-17 10:22:41', 0);
INSERT INTO dept (pk_dept, dept_code, dept_name, createdate, org_id, dept_type, creationtime, parent_id, short_name, deptcanceldate, creator, ts, dr) VALUES ('56b5e6e8-2656-46f8-b1a8-f42a42140c88', '40509', '北京高管', '2016-11-17 10:23:18', 'b8728e89-b9f3-4a3b-9dac-7e5c9393f4cc', '1', '2016-11-17 10:23:25', null, null, '2016-11-17 10:23:31', '王仰波', '2016-11-17 10:23:33', 0);
INSERT INTO dept (pk_dept, dept_code, dept_name, createdate, org_id, dept_type, creationtime, parent_id, short_name, deptcanceldate, creator, ts, dr) VALUES ('ead53046-cf02-44ac-8ed1-23cee26f6159', '40504', '单证部', '2016-11-17 10:19:10', 'b8728e89-b9f3-4a3b-9dac-7e5c9393f4cc', '1', '2016-11-17 10:19:20', '56b5e6e8-2656-46f8-b1a8-f42a42140c88', '富锦单证部', '2016-11-17 10:19:29', '刘馥嘉', '2016-11-17 10:19:32', 0);
INSERT INTO dept (pk_dept, dept_code, dept_name, createdate, org_id, dept_type, creationtime, parent_id, short_name, deptcanceldate, creator, ts, dr) VALUES ('18aa2958-60bb-436f-8e64-0343e8f108f7', '40506', '北京区域组', '2016-11-17 10:21:15', 'b8728e89-b9f3-4a3b-9dac-7e5c9393f4cc', '1', '2016-11-17 10:21:24', '29b6597a-5727-405f-b9c6-c72c381d8d8f', '同江区域组', '2016-11-17 10:21:32', '李国志', '2016-11-17 10:21:34', 0);
INSERT INTO dept (pk_dept, dept_code, dept_name, createdate, org_id, dept_type, creationtime, parent_id, short_name, deptcanceldate, creator, ts, dr) VALUES ('aa38692e-7398-436a-b2b8-a1440821774c', '40505', '上海区域组', '2016-11-17 10:19:56', 'b8728e89-b9f3-4a3b-9dac-7e5c9393f4cc', '1', '2016-11-17 10:20:11', '29b6597a-5727-405f-b9c6-c72c381d8d8f', '绥滨区域组', '2016-11-17 10:20:50', '宋广民', '2016-11-17 10:20:53', 0);
INSERT INTO dept (pk_dept, dept_code, dept_name, createdate, org_id, dept_type, creationtime, parent_id, short_name, deptcanceldate, creator, ts, dr) VALUES ('b676078b-a786-4c76-ab80-f5a9b7418e98', '40503', 'IUAP平台部', '2016-09-23 10:35:40', 'b8728e89-b9f3-4a3b-9dac-7e5c9393f4cc', '1', '2016-09-23 10:35:40', '29b6597a-5727-405f-b9c6-c72c381d8d8f', '富锦区域组', '2016-09-23 10:35:40', '徐立国', '2016-09-23 10:35:40', 0);
INSERT INTO instit (creationtime, instit_name, short_name, instit_type, institid, creator, parent_id, instit_code, email, ts, dr) VALUES ('2016-09-22 09:56:57', '用友网络集团有限公司', '象屿集团', null, '3f362161-e32b-4e59-b703-df11d871244e', 'Admin', null, '100', null, '2016-09-22 09:56:57', 0);
INSERT INTO instit (creationtime, instit_name, short_name, instit_type, institid, creator, parent_id, instit_code, email, ts, dr) VALUES ('2016-09-22 09:56:57', '用友网络IUAP开发平台', '象屿股份', null, '761dc79a-69ac-490b-8868-4e1e4f42d039', 'Admin', '3f362161-e32b-4e59-b703-df11d871244e', '200', null, '2016-09-22 09:56:57', 0);
INSERT INTO instit (creationtime, instit_name, short_name, instit_type, institid, creator, parent_id, instit_code, email, ts, dr) VALUES ('2016-09-22 09:56:57', '用友网络测试部门', '测试部门', null, '46c6129e-05f0-43f3-997f-bc672aebec7c', null, '3f362161-e32b-4e59-b703-df11d871244e', '002', null, '2016-12-14 09:55:43', 0);
INSERT INTO instit (creationtime, instit_name, short_name, instit_type, institid, creator, parent_id, instit_code, email, ts, dr) VALUES ('2016-09-22 09:56:57', '用友网络IUAP开发测试小组', '测试小组', null, '98d0c98d-24f3-49e3-9343-df6c4d2b6cd5', null, '46c6129e-05f0-43f3-997f-bc672aebec7c', '003', null, '2016-12-15 10:29:23', 0);

INSERT INTO org (org_name, email, creator, org_type, org_code, org_id, creationtime, parent_id, short_name, ts, dr) VALUES ('用友新道科技公司', null, 'Admin', null, '406', 'b96107c0-db63-4220-b8a2-4ba22846fb33', '2016-09-22 10:22:24', 'f158a95d-59d3-4a19-8007-a13d10ee7705', '用友新道', '2016-12-12 10:05:28', 0);
INSERT INTO org (org_name, email, creator, org_type, org_code, org_id, creationtime, parent_id, short_name, ts, dr) VALUES ('用友网络上海分公司', null, 'Admin', null, '402', 'c367c969-c676-4a6e-9254-23ff9444c3d4', '2016-09-22 10:07:37', 'f158a95d-59d3-4a19-8007-a13d10ee7705', '用友上分', '2016-12-12 10:05:28', 0);
INSERT INTO org (org_name, email, creator, org_type, org_code, org_id, creationtime, parent_id, short_name, ts, dr) VALUES ('用友网络金融部', null, 'Admin', null, '300', 'f158a95d-59d3-4a19-8007-a13d10ee7705', '2016-09-22 10:04:18', '761dc79a-69ac-490b-8868-4e1e4f42d039', '用友金融', '2016-12-12 10:05:28', 0);
INSERT INTO org (org_name, email, creator, org_type, org_code, org_id, creationtime, parent_id, short_name, ts, dr) VALUES ('用友网络北京分公司', null, 'Admin', null, '407', 'f7ff9099-3230-4a13-83a9-a494e1e2c11b', '2016-09-22 10:23:16', 'f158a95d-59d3-4a19-8007-a13d10ee7705', '用友北分', '2016-12-12 10:05:28', 0);
INSERT INTO org (org_name, email, creator, org_type, org_code, org_id, creationtime, parent_id, short_name, ts, dr) VALUES ('用友网络科技股份有限公司', null, 'Admin', null, '200', '761dc79a-69ac-490b-8868-4e1e4f42d039', '2016-09-22 10:02:35', '3f362161-e32b-4e59-b703-df11d871244e', '用友网络', '2016-12-12 10:05:28', 0);
INSERT INTO org (org_name, email, creator, org_type, org_code, org_id, creationtime, parent_id, short_name, ts, dr) VALUES ('用友集团', null, 'Admin', null, '100', '3f362161-e32b-4e59-b703-df11d871244e', '2016-09-22 09:56:57', null, '集团', '2016-12-12 10:05:28', 0);
INSERT INTO org (org_name, email, creator, org_type, org_code, org_id, creationtime, parent_id, short_name, ts, dr) VALUES ('用友网络大客户事业部', null, 'Admin', null, '408', '857cc73f-1a08-4053-b717-09404168f081', null, 'f158a95d-59d3-4a19-8007-a13d10ee7705', '用友大客户', '2016-12-12 10:05:28', 0);
INSERT INTO org (org_name, email, creator, org_type, org_code, org_id, creationtime, parent_id, short_name, ts, dr) VALUES ('用友网络能源部', null, 'Admin', null, '1212', '40acd2f1-bb94-47ca-8854-0487f20b9697', null, 'f158a95d-59d3-4a19-8007-a13d10ee7705', '用友能源', '2016-12-13 15:41:16', 0);
INSERT INTO org (org_name, email, creator, org_type, org_code, org_id, creationtime, parent_id, short_name, ts, dr) VALUES ('用友云采', null, 'Admin', null, '221', 'aa39e858-06ca-4dfa-89aa-e2fac2ead2b3', null, 'b5e399f5-6c08-4d81-a3a3-b39e73d7cdd8', '云彩', '2016-12-13 16:07:44', 0);
INSERT INTO org (org_name, email, creator, org_type, org_code, org_id, creationtime, parent_id, short_name, ts, dr) VALUES ('用友创新投资中心', null, 'Admin', null, '401', 'a559822e-23a0-44b8-b64e-6a75f4d47848', '2016-09-22 10:06:23', 'f158a95d-59d3-4a19-8007-a13d10ee7705', '用友创新', '2016-12-12 10:05:28', 0);
INSERT INTO org (org_name, email, creator, org_type, org_code, org_id, creationtime, parent_id, short_name, ts, dr) VALUES ('用友汽车', null, 'Admin', null, '404', 'b5e399f5-6c08-4d81-a3a3-b39e73d7cdd8', '2016-09-22 10:13:07', 'f158a95d-59d3-4a19-8007-a13d10ee7705', '用友汽车', '2016-12-12 10:05:28', 0);
INSERT INTO org (org_name, email, creator, org_type, org_code, org_id, creationtime, parent_id, short_name, ts, dr) VALUES ('用友网络建筑业务部', null, 'Admin', null, '405', 'b8728e89-b9f3-4a3b-9dac-7e5c9393f4cc', '2016-09-22 10:21:22', 'f158a95d-59d3-4a19-8007-a13d10ee7705', '用友建筑', '2016-12-12 10:05:28', 0);
INSERT INTO pub_multilang (charsetname, dislpayname, dr, langcode, langdirpath, langseq, localcountry, locallang, pk_multilang, transclassname, ts) VALUES (null, '繁體中文                                                               ', 0, 'tradchn', null, 1, null, 'ZF', 'zhTW0000000000000000', null, '2016-01-10 23:07:56');
INSERT INTO pub_multilang (charsetname, dislpayname, dr, langcode, langdirpath, langseq, localcountry, locallang, pk_multilang, transclassname, ts) VALUES (null, 'English                                                                    ', 0, 'english', null, 2, null, 'EN', 'enGB0000000000000000', null, '2016-01-10 23:07:56');
INSERT INTO pub_multilang (charsetname, dislpayname, dr, langcode, langdirpath, langseq, localcountry, locallang, pk_multilang, transclassname, ts) VALUES (null, '简体中文                                                               ', 0, 'simpchn', null, 3, null, 'ZH', 'zhCN0000000000000000', null, '2016-01-10 23:07:56');

INSERT INTO sys_dict_type (dict_id, dict_type_code, dict_type_name, is_fixed, remark, creator_id, creator, create_time, modifier_id, modifier, modify_time, dr) VALUES ('fafd6667-dad6-460f-b94a-35043b98cbf7', '0x005', '会计主体', 'N', '会计主体', 'test', 'admin', '2016-12-21', null, null, '2016-12-22 10:44:19', '0');
INSERT INTO sys_dict_type (dict_id, dict_type_code, dict_type_name, is_fixed, remark, creator_id, creator, create_time, modifier_id, modifier, modify_time, dr) VALUES ('f5aad43c-b347-43fe-8996-ec5973624c55', '0x006', '核算账簿', 'N', '核算账簿', 'test', 'admin', '2016-12-21', null, null, '2016-12-22 10:44:19', '0');
INSERT INTO sys_dict_type (dict_id, dict_type_code, dict_type_name, is_fixed, remark, creator_id, creator, create_time, modifier_id, modifier, modify_time, dr) VALUES ('ecf4562d-12f4-4f13-9b7f-b661f0b72634', '0x002', '联系人', 'N', '联系人', 'test', 'admin', '2016-12-21', null, null, '2016-12-22 10:44:19', '0');
INSERT INTO sys_dict_type (dict_id, dict_type_code, dict_type_name, is_fixed, remark, creator_id, creator, create_time, modifier_id, modifier, modify_time, dr) VALUES ('e9059b2a-cf48-480a-9e44-4e9aba803f8c', '0x003', '行政区划', 'N', '行政区划', 'test', 'admin', '2016-12-21', null, null, '2016-12-22 10:44:19', '0');
INSERT INTO sys_dict_type (dict_id, dict_type_code, dict_type_name, is_fixed, remark, creator_id, creator, create_time, modifier_id, modifier, modify_time, dr) VALUES ('e8c486ed-fdbc-4b0c-ae0d-d1643f82ee50', '0x004', '币种', 'N', '币种', 'test', 'admin', '2016-12-21', null, null, '2016-12-22 10:44:19', '0');
INSERT INTO sys_dict_type (dict_id, dict_type_code, dict_type_name, is_fixed, remark, creator_id, creator, create_time, modifier_id, modifier, modify_time, dr) VALUES ('e3014bf0-7a71-4001-93a2-cc3f8581a78d', '0x008', '常用摘要', 'N', '常用摘要', 'test', 'admin', '2016-12-21', null, null, '2016-12-22 10:44:19', '0');
INSERT INTO sys_dict_type (dict_id, dict_type_code, dict_type_name, is_fixed, remark, creator_id, creator, create_time, modifier_id, modifier, modify_time, dr) VALUES ('dea61165-2f79-44d5-83ca-9e672a6ec8d6', '0x009', '科目类型', 'N', '科目类型', 'test', 'admin', '2016-12-21', null, null, '2016-12-22 10:44:19', '0');
INSERT INTO sys_dict_type (dict_id, dict_type_code, dict_type_name, is_fixed, remark, creator_id, creator, create_time, modifier_id, modifier, modify_time, dr) VALUES ('661d2f57-4d57-4792-b197-a14f5ee1a203', '0x007', '会计主体账簿', 'N', '会计主体账簿', 'test', 'admin', '2016-12-21', null, null, '2016-12-22 10:44:19', '0');
INSERT INTO sys_dict_type (dict_id, dict_type_code, dict_type_name, is_fixed, remark, creator_id, creator, create_time, modifier_id, modifier, modify_time, dr) VALUES ('5944d266-1356-408c-b2ce-97062c8ed3d4', '0x001', '公司目录', 'N', '公司目录', 'test', 'admin', '2016-12-21', null, null, '2016-12-22 10:44:19', '0');
INSERT INTO sys_dict_type (dict_id, dict_type_code, dict_type_name, is_fixed, remark, creator_id, creator, create_time, modifier_id, modifier, modify_time, dr) VALUES ('51e97a33-7a14-4a73-ac66-0aa547b1fc20', '0x00A', '科目方案', 'N', '科目方案', 'test', 'admin', '2016-12-21', null, null, '2016-12-22 10:44:19', '0');
INSERT INTO sys_dict_type (dict_id, dict_type_code, dict_type_name, is_fixed, remark, creator_id, creator, create_time, modifier_id, modifier, modify_time, dr) VALUES ('3da4826b-e012-44ed-bee3-63fd5789e68f', '0x00D', '现金流量', 'N', '现金流量', 'test', 'admin', '2016-12-21', null, null, '2016-12-22 10:44:19', '0');
INSERT INTO sys_dict_type (dict_id, dict_type_code, dict_type_name, is_fixed, remark, creator_id, creator, create_time, modifier_id, modifier, modify_time, dr) VALUES ('23374bb5-6c84-4114-8972-7ec0288275f9', '0x00B', '科目', 'N', '科目', 'test', 'admin', '2016-12-21', null, null, '2016-12-22 10:44:19', '0');
INSERT INTO sys_dict_type (dict_id, dict_type_code, dict_type_name, is_fixed, remark, creator_id, creator, create_time, modifier_id, modifier, modify_time, dr) VALUES ('1890045e-480d-4148-8002-750d1a880dc6', '0x00E', '结算方式', 'N', '结算方式', 'test', 'admin', '2016-12-21', null, null, '2016-12-22 10:44:19', '0');
INSERT INTO sys_dict_type (dict_id, dict_type_code, dict_type_name, is_fixed, remark, creator_id, creator, create_time, modifier_id, modifier, modify_time, dr) VALUES ('0b827953-96ca-46a1-80dd-d8fbb58282f1', '0x00C', '表外科目', 'N', '表外科目', 'test', 'admin', '2016-12-21', null, null, '2016-12-22 10:44:19', '0');

INSERT INTO sys_dict_type_meta (dict_type_name, is_fixed, remark, create_time, creator, modifier, dict_id, modifier_id, modify_time, dict_type_code, creator_id, ts, dr) VALUES ('会计主体', 'N', '会计主体', '2016-12-21 00:00:00', 'admin', null, 'fafd6667-dad6-460f-b94a-35043b98cbf7', null, null, '0x005', 'test', '2016-12-22 11:01:37', 0);
INSERT INTO sys_dict_type_meta (dict_type_name, is_fixed, remark, create_time, creator, modifier, dict_id, modifier_id, modify_time, dict_type_code, creator_id, ts, dr) VALUES ('核算账簿', 'N', '核算账簿', '2016-12-21 00:00:00', 'admin', null, 'f5aad43c-b347-43fe-8996-ec5973624c55', null, null, '0x006', 'test', '2016-12-22 11:01:37', 0);
INSERT INTO sys_dict_type_meta (dict_type_name, is_fixed, remark, create_time, creator, modifier, dict_id, modifier_id, modify_time, dict_type_code, creator_id, ts, dr) VALUES ('联系人', 'N', '联系人', '2016-12-21 00:00:00', 'admin', null, 'ecf4562d-12f4-4f13-9b7f-b661f0b72634', null, null, '0x002', 'test', '2016-12-22 11:01:37', 0);
INSERT INTO sys_dict_type_meta (dict_type_name, is_fixed, remark, create_time, creator, modifier, dict_id, modifier_id, modify_time, dict_type_code, creator_id, ts, dr) VALUES ('行政区划', 'N', '行政区划', '2016-12-21 00:00:00', 'admin', null, 'e9059b2a-cf48-480a-9e44-4e9aba803f8c', null, null, '0x003', 'test', '2016-12-22 11:01:37', 0);
INSERT INTO sys_dict_type_meta (dict_type_name, is_fixed, remark, create_time, creator, modifier, dict_id, modifier_id, modify_time, dict_type_code, creator_id, ts, dr) VALUES ('币种', 'N', '币种', '2016-12-21 00:00:00', 'admin', null, 'e8c486ed-fdbc-4b0c-ae0d-d1643f82ee50', null, null, '0x004', 'test', '2016-12-22 11:01:37', 0);
INSERT INTO sys_dict_type_meta (dict_type_name, is_fixed, remark, create_time, creator, modifier, dict_id, modifier_id, modify_time, dict_type_code, creator_id, ts, dr) VALUES ('常用摘要', 'N', '常用摘要', '2016-12-21 00:00:00', 'admin', null, 'e3014bf0-7a71-4001-93a2-cc3f8581a78d', null, null, '0x008', 'test', '2016-12-22 11:01:37', 0);
INSERT INTO sys_dict_type_meta (dict_type_name, is_fixed, remark, create_time, creator, modifier, dict_id, modifier_id, modify_time, dict_type_code, creator_id, ts, dr) VALUES ('科目类型', 'N', '科目类型', '2016-12-21 00:00:00', 'admin', null, 'dea61165-2f79-44d5-83ca-9e672a6ec8d6', null, null, '0x009', 'test', '2016-12-22 11:01:37', 0);
INSERT INTO sys_dict_type_meta (dict_type_name, is_fixed, remark, create_time, creator, modifier, dict_id, modifier_id, modify_time, dict_type_code, creator_id, ts, dr) VALUES ('会计主体账簿', 'N', '会计主体账簿', '2016-12-21 00:00:00', 'admin', null, '661d2f57-4d57-4792-b197-a14f5ee1a203', null, null, '0x007', 'test', '2016-12-22 11:01:37', 0);
INSERT INTO sys_dict_type_meta (dict_type_name, is_fixed, remark, create_time, creator, modifier, dict_id, modifier_id, modify_time, dict_type_code, creator_id, ts, dr) VALUES ('公司目录', 'N', '公司目录', '2016-12-21 00:00:00', 'admin', null, '5944d266-1356-408c-b2ce-97062c8ed3d4', null, null, '0x001', 'test', '2016-12-22 11:01:37', 0);
INSERT INTO sys_dict_type_meta (dict_type_name, is_fixed, remark, create_time, creator, modifier, dict_id, modifier_id, modify_time, dict_type_code, creator_id, ts, dr) VALUES ('科目方案', 'N', '科目方案', '2016-12-21 00:00:00', 'admin', null, '51e97a33-7a14-4a73-ac66-0aa547b1fc20', null, null, '0x00A', 'test', '2016-12-22 11:01:37', 0);
INSERT INTO sys_dict_type_meta (dict_type_name, is_fixed, remark, create_time, creator, modifier, dict_id, modifier_id, modify_time, dict_type_code, creator_id, ts, dr) VALUES ('现金流量', 'N', '现金流量', '2016-12-21 00:00:00', 'admin', null, '3da4826b-e012-44ed-bee3-63fd5789e68f', null, null, '0x00D', 'test', '2016-12-22 11:01:37', 0);
INSERT INTO sys_dict_type_meta (dict_type_name, is_fixed, remark, create_time, creator, modifier, dict_id, modifier_id, modify_time, dict_type_code, creator_id, ts, dr) VALUES ('科目', 'N', '科目', '2016-12-21 00:00:00', 'admin', null, '23374bb5-6c84-4114-8972-7ec0288275f9', null, null, '0x00B', 'test', '2016-12-22 11:01:37', 0);
INSERT INTO sys_dict_type_meta (dict_type_name, is_fixed, remark, create_time, creator, modifier, dict_id, modifier_id, modify_time, dict_type_code, creator_id, ts, dr) VALUES ('结算方式', 'N', '结算方式', '2016-12-21 00:00:00', 'admin', null, '1890045e-480d-4148-8002-750d1a880dc6', null, null, '0x00E', 'test', '2016-12-22 11:01:37', 0);
INSERT INTO sys_dict_type_meta (dict_type_name, is_fixed, remark, create_time, creator, modifier, dict_id, modifier_id, modify_time, dict_type_code, creator_id, ts, dr) VALUES ('表外科目', 'N', '表外科目', '2016-12-21 00:00:00', 'admin', null, '0b827953-96ca-46a1-80dd-d8fbb58282f1', null, null, '0x00C', 'test', '2016-12-22 11:01:37', 0);

INSERT INTO sys_prompt (moudle, error_code, error_version, error_desc, error_cause, error_solution, locale) VALUES ('dict', '100001', '0', '字典异常', '异常测试', '请删除异常测试代码', 'zh_CN');
INSERT INTO sys_prompt (moudle, error_code, error_version, error_desc, error_cause, error_solution, locale) VALUES ('test', '100001', '0', '异常测试描述', '在{0,date,yyyy-MM-dd HH:mm:ss}发生了{1}个异常,造成损失{2,number,currency}元。', '异常测试解决方法如下：...', 'zh_CN');
INSERT INTO sys_user (register_date, level_name, user_name, status_name, modifier, user_mobile, org_id, image_url, sex_id, platform_name, birthdate, create_time, org_name, creator, certificate_name, remark, level_id, modifier_id, id, user_code, status_id, certificate_code, login_name, user_email, modify_time, certificate_id, user_password, platform_id, creator_id, ts, dr) VALUES ('2016-11-24 10:06:54', '运营用户', '林冲从', '正常', null, '13456787653', 'f158a95d-59d3-4a19-8007-a13d10ee7705', null, '1', null, '2016-11-24 00:00:00', '2016-11-24 10:06:54', '黑龙江投资管理中心', 'Admin', '身份证', null, '1', null, 'f3d0cd37-f6ac-4c95-97bb-29a70b81c24d', '112401', '1', null, 'bzt', 'lc@163.com', null, '1', null, null, '123', null, 0);
INSERT INTO sys_user (register_date, level_name, user_name, status_name, modifier, user_mobile, org_id, image_url, sex_id, platform_name, birthdate, create_time, org_name, creator, certificate_name, remark, level_id, modifier_id, id, user_code, status_id, certificate_code, login_name, user_email, modify_time, certificate_id, user_password, platform_id, creator_id, ts, dr) VALUES ('2016-11-24 10:09:32', '运营用户', '卢俊义', '正常', null, '13845344567', 'f158a95d-59d3-4a19-8007-a13d10ee7705', null, '1', null, '2016-11-24 00:00:00', '2016-11-24 10:09:32', '黑龙江投资管理中心', 'Admin', '身份证', null, '1', null, '90aaaf78-9f8e-496d-a125-e69c6eef6648', '112403', '1', null, 'ljy', 'lju@163.com', null, '1', null, null, null, '2016-12-08 13:21:26', 0);
INSERT INTO sys_user (register_date, level_name, user_name, status_name, modifier, user_mobile, org_id, image_url, sex_id, platform_name, birthdate, create_time, org_name, creator, certificate_name, remark, level_id, modifier_id, id, user_code, status_id, certificate_code, login_name, user_email, modify_time, certificate_id, user_password, platform_id, creator_id, ts, dr) VALUES ('2016-12-15 00:00:00', '运营用户', '裴元庆', '正常', null, '15901170256', 'a559822e-23a0-44b8-b64e-6a75f4d47848', null, '1', null, '2016-11-27 00:00:00', '2016-12-15 10:09:12', '用友创新投资中心', 'Admin', '身份证', null, '1', null, '5b512ac5-fe2e-4bac-bd00-7f45af7a3bb6', '122101', '1', '130183189092349099', 'pyq', 'abc@sina.com', null, '1', null, null, 'test', '2016-12-21 14:23:27', 0);
INSERT INTO sys_user (register_date, level_name, user_name, status_name, modifier, user_mobile, org_id, image_url, sex_id, platform_name, birthdate, create_time, org_name, creator, certificate_name, remark, level_id, modifier_id, id, user_code, status_id, certificate_code, login_name, user_email, modify_time, certificate_id, user_password, platform_id, creator_id, ts, dr) VALUES ('2016-12-13 00:00:00', '运营用户', '秦叔宝', '正常', null, '13434545678', 'f7ff9099-3230-4a13-83a9-a494e1e2c11b', null, '1', null, '2016-12-13 00:00:00', '2016-12-13 16:43:50', '用友网络北京分公司', 'Admin', '身份证', null, '1', null, 'f1da0f87-dc51-470a-9d72-acbe75010ec5', '122102', '1', '371626198804152868', 'qsb', 'qsb@163.com', null, '1', null, null, 'test', '2016-12-21 14:24:48', 0);
INSERT INTO sys_user (register_date, level_name, user_name, status_name, modifier, user_mobile, org_id, image_url, sex_id, platform_name, birthdate, create_time, org_name, creator, certificate_name, remark, level_id, modifier_id, id, user_code, status_id, certificate_code, login_name, user_email, modify_time, certificate_id, user_password, platform_id, creator_id, ts, dr) VALUES ('2016-12-13 00:00:00', '运营用户', '樊汝钰', '正常', null, '15801351327', 'b5e399f5-6c08-4d81-a3a3-b39e73d7cdd8', null, '1', null, '2016-12-13 00:00:00', '2016-12-13 13:50:55', '用友汽车', 'Admin', '身份证', null, '1', null, 'a58fe7eb-97c3-4ae4-926f-5a4869b06851', '122103', '1', '42108319830528155X', 'fanrj', 'frj@163.com', null, '1', null, null, 'test', '2016-12-21 14:42:18', 0);
INSERT INTO sys_user (register_date, level_name, user_name, status_name, modifier, user_mobile, org_id, image_url, sex_id, platform_name, birthdate, create_time, org_name, creator, certificate_name, remark, level_id, modifier_id, id, user_code, status_id, certificate_code, login_name, user_email, modify_time, certificate_id, user_password, platform_id, creator_id, ts, dr) VALUES ('2016-12-12 00:00:00', '运营用户', '宋仲基', '正常', null, '15801350172 ', 'a559822e-23a0-44b8-b64e-6a75f4d47848', null, '1', null, '2016-12-12 00:00:00', '2016-12-12 15:50:26', '用友创新投资中心', 'Admin', '身份证', null, '1', null, '400013ed-91b2-481b-ad6d-591092c8f157', '121201', '1', '220000197501201250', 'szj', 'li@163.com', null, '1', null, null, 'test', '2016-12-21 14:27:07', 0);
INSERT INTO sys_user (register_date, level_name, user_name, status_name, modifier, user_mobile, org_id, image_url, sex_id, platform_name, birthdate, create_time, org_name, creator, certificate_name, remark, level_id, modifier_id, id, user_code, status_id, certificate_code, login_name, user_email, modify_time, certificate_id, user_password, platform_id, creator_id, ts, dr) VALUES ('2016-11-24 10:10:24', '运营用户', '玉麒麟', '正常', null, '13121956780', 'f158a95d-59d3-4a19-8007-a13d10ee7705', null, '0', null, '2016-11-24 00:00:00', '2016-11-24 10:10:24', '用友网络金融部', 'Admin', '身份证', null, '1', null, '78844170-717d-4282-a690-a4adc26e60ce', '112404', '1', null, 'yqi', 'yqy@163.com', null, '1', null, null, '123', '2016-12-21 14:27:41', 0);
INSERT INTO sys_user (register_date, level_name, user_name, status_name, modifier, user_mobile, org_id, image_url, sex_id, platform_name, birthdate, create_time, org_name, creator, certificate_name, remark, level_id, modifier_id, id, user_code, status_id, certificate_code, login_name, user_email, modify_time, certificate_id, user_password, platform_id, creator_id, ts, dr) VALUES ('2016-11-24 10:07:38', '运营用户', '鲁智花', '正常', null, '13121966609', '1cdc7067-a293-4b6d-8db0-ba59235601cc', null, '1', null, '2016-11-24 00:00:00', '2016-11-24 10:07:38', '黑龙江投资管理中心', 'Admin', '身份证', null, '1', null, 'bcaed99d-e04e-45af-9f0d-dd07199a0c15', '112402', '1', null, 'lzs', 'fakeemail@yonyou.com', null, '1', null, null, '123', '2016-12-21 14:27:53', 0);
INSERT INTO sys_user (register_date, level_name, user_name, status_name, modifier, user_mobile, org_id, image_url, sex_id, platform_name, birthdate, create_time, org_name, creator, certificate_name, remark, level_id, modifier_id, id, user_code, status_id, certificate_code, login_name, user_email, modify_time, certificate_id, user_password, platform_id, creator_id, ts, dr) VALUES ('2016-12-12 16:18:55', '运营用户', '康星', '正常', null, '15801259625', '761dc79a-69ac-490b-8868-4e1e4f42d039', null, '0', null, null, '2016-12-12 16:18:55', '用友网络科技股份有限公司', 'Admin', '身份证', null, '1', null, '30de0199-e8c7-445e-b957-056de6773b40', '122104', '1', '652323198402141755', 'kangx', '23w3@163.com', null, '1', null, null, 'test', '2016-12-21 14:42:27', 0);
INSERT INTO sys_user (register_date, level_name, user_name, status_name, modifier, user_mobile, org_id, image_url, sex_id, platform_name, birthdate, create_time, org_name, creator, certificate_name, remark, level_id, modifier_id, id, user_code, status_id, certificate_code, login_name, user_email, modify_time, certificate_id, user_password, platform_id, creator_id, ts, dr) VALUES ('2016-11-17 10:53:39', '金融用户', '陈代臻', '正常', 'admin', '15501003788', '032                                 ', null, '0', '运营', '2016-11-17 10:54:20', '2016-11-17 10:54:22', '黑龙江投资中心', 'admin', '身份证', null, '2', '', '1cdc7067-a293-4b6d-8db0-ba59235601cc', '001233', '1', '371102198901250566', 'cdzh', 'CDZhen@xiangyu.cn', '2016-11-17 10:59:08', '1', '44a8a7d56b422e5658ebce6d3b2cc6ce67f90a10', '1', 'e23d708d-7767-449a-941a-86d6d31601e9', '2016-12-21 14:29:45', 0);
INSERT INTO sys_user (register_date, level_name, user_name, status_name, modifier, user_mobile, org_id, image_url, sex_id, platform_name, birthdate, create_time, org_name, creator, certificate_name, remark, level_id, modifier_id, id, user_code, status_id, certificate_code, login_name, user_email, modify_time, certificate_id, user_password, platform_id, creator_id, ts, dr) VALUES ('2016-11-22 09:22:35', '运营用户', '松江', '正常', null, '13121966697', 'a559822e-23a0-44b8-b64e-6a75f4d47848', null, '0', null, '2016-11-22 00:00:00', '2016-11-22 09:22:35', '用友创新投资中心', 'Admin', '身份证', null, '1', null, '17dd5627-f0c8-45b3-add3-bee0c3672975', '122404', '1', '370702197901020065', 'jl', 'sj@163.com', null, '1', '000', null, '123', '2016-12-21 14:37:09', 0);
INSERT INTO sys_user (register_date, level_name, user_name, status_name, modifier, user_mobile, org_id, image_url, sex_id, platform_name, birthdate, create_time, org_name, creator, certificate_name, remark, level_id, modifier_id, id, user_code, status_id, certificate_code, login_name, user_email, modify_time, certificate_id, user_password, platform_id, creator_id, ts, dr) VALUES ('2016-11-17 10:53:39', '商户用户', '鲁达林', '冻结', 'admin', '13554543244', '031                                 ', null, '0', '运营', '2016-11-17 10:54:20', '2016-11-17 10:54:22', '黑龙江投资中心', 'admin', '身份证', null, '3', '', 'c7385f57-44fb-4d75-ac50-b27269458f26', '000212', '2', null, 'ludl', 'fakeemail@yonyou.com', '2016-11-17 10:59:08', '1', '44a8a7d56b422e5658ebce6d3b2cc6ce67f90a10', '1', 'e23d708d-7767-449a-941a-86d6d31601e9', '2016-12-21 14:37:25', 0);
INSERT INTO sys_user (register_date, level_name, user_name, status_name, modifier, user_mobile, org_id, image_url, sex_id, platform_name, birthdate, create_time, org_name, creator, certificate_name, remark, level_id, modifier_id, id, user_code, status_id, certificate_code, login_name, user_email, modify_time, certificate_id, user_password, platform_id, creator_id, ts, dr) VALUES ('2016-11-17 11:06:21', '金融用户', '刘馥嘉', '正常', 'admin', '15501002866', '031                                 ', null, '0', '运营', '2016-11-17 11:06:17', '2016-11-17 11:06:27', '黑龙江投资中心', 'admin', '身份证', null, '2', null, 'a82dd979-a300-44a2-bcc9-f701a0a60b59', '000192', '1', '421224197811178789', 'liufj', 'lfjia@xiangyu.cn', '2016-11-17 11:06:29', '1', '83b944b3e9bbde533886f2ef1eb32b56cf165fce', '1', 'e23d708d-7767-449a-941a-86d6d31601e9', '2016-12-21 14:37:32', 0);
INSERT INTO sys_user_job (create_time, modifier_id, user_job_note, org_id, fk_id_sys_user_job, modify_time, is_active, creator, user_name, user_id, creator_id, dept_id, modifier, id, is_default, ts, dr) VALUES ('2016-11-17 11:11:43', '76461f9e-7cb3-41e6-ad7c-7bbaade109fa', null, '339a0ed4-f3f5-4789-960b-7308c730fe7f', null, '2016-11-17 11:11:40', 'Y', 'admin', '王志鹏', 'fbf7b09a-e347-4a0c-9670-ec0b6152b985', '76461f9e-7cb3-41e6-ad7c-7bbaade109fa', '576168c5-f6d9-4deb-8562-00ed23aca38a', 'admin', '04b6fc6a-7568-48c8-8cb2-636900af3fe7', 'Y', '2016-11-17 11:11:37', 0);
INSERT INTO sys_user_job (create_time, modifier_id, user_job_note, org_id, fk_id_sys_user_job, modify_time, is_active, creator, user_name, user_id, creator_id, dept_id, modifier, id, is_default, ts, dr) VALUES ('2016-11-17 11:13:19', null, null, 'ba9a7efe-1dc3-4670-a42e-89451afe4117', null, '2016-11-17 11:13:16', 'Y', 'admin', '付佳丽', '119eb1bc-b412-41c3-907e-3ef44f8dc3f4', '76461f9e-7cb3-41e6-ad7c-7bbaade109fa', 'b34a3c95-2511-418c-afa5-cbd800c3283c', 'admin', '601256d2-9583-4944-96a4-942c8d6a6ac6', 'Y', '2016-11-17 11:13:14', 0);
INSERT INTO sys_user_job (create_time, modifier_id, user_job_note, org_id, fk_id_sys_user_job, modify_time, is_active, creator, user_name, user_id, creator_id, dept_id, modifier, id, is_default, ts, dr) VALUES ('2016-11-17 11:02:59', null, null, 'a559822e-23a0-44b8-b64e-6a75f4d47848', null, null, 'Y', 'admin', '肖亚军', '2a1a2d3c-d3a1-4a60-a44a-ffea251281bb', 'e23d708d-7767-449a-941a-86d6d31601e9', '29b6597a-5727-405f-b9c6-c72c381d8d8f', null, '3e2c7742-a277-483d-922d-340ce48150fe', 'Y', null, 0);
INSERT INTO sys_user_job (create_time, modifier_id, user_job_note, org_id, fk_id_sys_user_job, modify_time, is_active, creator, user_name, user_id, creator_id, dept_id, modifier, id, is_default, ts, dr) VALUES ('2016-11-17 11:05:32', null, '总体设计师', 'b8728e89-b9f3-4a3b-9dac-7e5c9393f4cc', null, null, 'Y', 'admin', '严伟', '2257adbf-d509-4509-8a66-b57aac7008c0', 'e23d708d-7767-449a-941a-86d6d31601e9', '383a50d4-5a78-4004-8fa0-932945cc0949', null, 'cff19f3d-1bbc-4b9a-a39b-2994436f2f29', 'Y', null, 0);
INSERT INTO sys_user_job (create_time, modifier_id, user_job_note, org_id, fk_id_sys_user_job, modify_time, is_active, creator, user_name, user_id, creator_id, dept_id, modifier, id, is_default, ts, dr) VALUES ('2016-11-24 10:13:58', null, null, '857cc73f-1a08-4053-b717-09404168f081', null, null, 'Y', 'Admin', '易中天', '879bc53f-1ed8-40d2-9c2f-745c54bf3549', '123', '383a50d4-5a78-4004-8fa0-932945cc0949', null, '26266297-360f-4761-a51b-44d2ef24e625', 'Y', '2016-12-02 09:20:42', 0);
INSERT INTO sys_user_job (create_time, modifier_id, user_job_note, org_id, fk_id_sys_user_job, modify_time, is_active, creator, user_name, user_id, creator_id, dept_id, modifier, id, is_default, ts, dr) VALUES ('2016-12-05 09:33:54', '2f661043-8858-4b44-a984-403e0e42853a', 'sss', '857cc73f-1a08-4053-b717-09404168f081', null, '2016-12-05 09:34:11', 'Y', 'admin', 'zxs', '2f661043-8858-4b44-a984-403e0e42853a', 'test', 'b676078b-a786-4c76-ab80-f5a9b7418e98', 'zxs', 'ac203b15-4ec2-4867-9cbc-bbf3b12705a3', 'Y', '2016-12-05 09:34:11', 0);
INSERT INTO sys_user_job (create_time, modifier_id, user_job_note, org_id, fk_id_sys_user_job, modify_time, is_active, creator, user_name, user_id, creator_id, dept_id, modifier, id, is_default, ts, dr) VALUES ('2016-11-17 11:04:36', 'd2b68cba-0e0b-4ae8-af4f-f17ce25c90ce', null, '761dc79a-69ac-490b-8868-4e1e4f42d039', null, '2016-12-08 13:29:22', 'Y', 'admin', '周双印', 'd2b68cba-0e0b-4ae8-af4f-f17ce25c90ce', 'e23d708d-7767-449a-941a-86d6d31601e9', '29b6597a-5727-405f-b9c6-c72c381d8d8f', '周双印', 'a68cda4d-10cc-49ab-8518-9af49eafdf9a', 'N', '2016-12-08 13:29:22', 0);
INSERT INTO sys_user_job (create_time, modifier_id, user_job_note, org_id, fk_id_sys_user_job, modify_time, is_active, creator, user_name, user_id, creator_id, dept_id, modifier, id, is_default, ts, dr) VALUES ('2016-11-17 11:11:43', '76461f9e-7cb3-41e6-ad7c-7bbaade109fa', null, '339a0ed4-f3f5-4789-960b-7308c730fe7f', null, '2016-11-17 11:11:40', 'Y', 'admin', 'fakesavejobusrname', 'fakejobUserId@yonyou.com', '76461f9e-7cb3-41e6-ad7c-7bbaade109fa', '576168c5-f6d9-4deb-8562-00ed23aca38a', 'admin', '93769ac8-f98e-448b-bd58-3c2f6d266d92', 'Y', '2016-12-12 16:17:47', 0);
INSERT INTO sys_user_job (create_time, modifier_id, user_job_note, org_id, fk_id_sys_user_job, modify_time, is_active, creator, user_name, user_id, creator_id, dept_id, modifier, id, is_default, ts, dr) VALUES ('2016-11-17 11:11:43', '76461f9e-7cb3-41e6-ad7c-7bbaade109fa', null, '339a0ed4-f3f5-4789-960b-7308c730fe7f', null, '2016-11-17 11:11:40', 'Y', 'admin', 'fakesavejobusrname', 'fakejobUserId@yonyou.com', '76461f9e-7cb3-41e6-ad7c-7bbaade109fa', '576168c5-f6d9-4deb-8562-00ed23aca38a', 'admin', 'd52f4345-1cd1-405c-84f6-894312509e21', 'Y', '2016-12-13 15:59:01', 0);
INSERT INTO sys_user_job (create_time, modifier_id, user_job_note, org_id, fk_id_sys_user_job, modify_time, is_active, creator, user_name, user_id, creator_id, dept_id, modifier, id, is_default, ts, dr) VALUES ('2016-11-17 11:11:43', '76461f9e-7cb3-41e6-ad7c-7bbaade109fa', null, '339a0ed4-f3f5-4789-960b-7308c730fe7f', null, '2016-11-17 11:11:40', 'Y', 'admin', 'fakesavejobusrname', 'fakejobUserId@yonyou.com', '76461f9e-7cb3-41e6-ad7c-7bbaade109fa', '576168c5-f6d9-4deb-8562-00ed23aca38a', 'admin', 'bb6a1fde-5055-4331-88e5-b177c1576f7c', 'Y', '2016-12-13 16:52:38', 0);
INSERT INTO sys_user_job (create_time, modifier_id, user_job_note, org_id, fk_id_sys_user_job, modify_time, is_active, creator, user_name, user_id, creator_id, dept_id, modifier, id, is_default, ts, dr) VALUES ('2016-11-17 11:11:43', '76461f9e-7cb3-41e6-ad7c-7bbaade109fa', null, '339a0ed4-f3f5-4789-960b-7308c730fe7f', null, '2016-11-17 11:11:40', 'Y', 'admin', 'fakesavejobusrname', 'fakejobUserId@yonyou.com', '76461f9e-7cb3-41e6-ad7c-7bbaade109fa', '576168c5-f6d9-4deb-8562-00ed23aca38a', 'admin', '502972cc-56a6-4938-8b90-056bef71b5a4', 'Y', '2016-12-13 17:08:38', 0);
INSERT INTO sys_user_job (create_time, modifier_id, user_job_note, org_id, fk_id_sys_user_job, modify_time, is_active, creator, user_name, user_id, creator_id, dept_id, modifier, id, is_default, ts, dr) VALUES ('2016-12-13 16:43:50', 'f1da0f87-dc51-470a-9d72-acbe75010ec5', null, '761dc79a-69ac-490b-8868-4e1e4f42d039', null, '2016-12-21 14:24:48', 'Y', 'admin', 'weaa', 'f1da0f87-dc51-470a-9d72-acbe75010ec5', 'test', '29b6597a-5727-405f-b9c6-c72c381d8d8f', '秦叔宝', '5fe73a3d-f0eb-461a-9cc1-1dbb2b66bc32', 'Y', '2016-12-21 14:24:49', 0);
INSERT INTO sys_user_job (create_time, modifier_id, user_job_note, org_id, fk_id_sys_user_job, modify_time, is_active, creator, user_name, user_id, creator_id, dept_id, modifier, id, is_default, ts, dr) VALUES ('2016-12-21 14:40:37', 'a58fe7eb-97c3-4ae4-926f-5a4869b06851', '本职岗位', '40acd2f1-bb94-47ca-8854-0487f20b9697', 'a58fe7eb-97c3-4ae4-926f-5a4869b06851', '2016-12-21 14:42:18', 'Y', 'Admin', '樊汝钰', 'a58fe7eb-97c3-4ae4-926f-5a4869b06851', 'test', '383a50d4-5a78-4004-8fa0-932945cc0949', '樊汝钰', '168fafad-e129-4888-a7bc-f870888c7b90', 'N', '2016-12-21 14:42:18', 0);
INSERT INTO sys_user_job (create_time, modifier_id, user_job_note, org_id, fk_id_sys_user_job, modify_time, is_active, creator, user_name, user_id, creator_id, dept_id, modifier, id, is_default, ts, dr) VALUES ('2016-12-12 16:22:23', '400013ed-91b2-481b-ad6d-591092c8f157', null, 'f158a95d-59d3-4a19-8007-a13d10ee7705', null, '2016-12-21 14:27:07', 'Y', 'admin', '宋仲基', '400013ed-91b2-481b-ad6d-591092c8f157', 'test', '56b5e6e8-2656-46f8-b1a8-f42a42140c88', '宋仲基', '032babe8-de59-4faa-9682-c0cc859292d7', 'Y', '2016-12-21 14:27:07', 0);
INSERT INTO sys_user_job (create_time, modifier_id, user_job_note, org_id, fk_id_sys_user_job, modify_time, is_active, creator, user_name, user_id, creator_id, dept_id, modifier, id, is_default, ts, dr) VALUES ('2016-11-22 09:22:35', '17dd5627-f0c8-45b3-add3-bee0c3672975', null, 'a559822e-23a0-44b8-b64e-6a75f4d47848', null, '2016-12-21 14:37:09', 'Y', 'Admin', '松江', '17dd5627-f0c8-45b3-add3-bee0c3672975', '123', '研发                              ', '松江', '495b6e35-b205-4cb6-8146-cbcb60c5d957', 'Y', '2016-12-21 14:37:09', 0);
INSERT INTO sys_user_job (create_time, modifier_id, user_job_note, org_id, fk_id_sys_user_job, modify_time, is_active, creator, user_name, user_id, creator_id, dept_id, modifier, id, is_default, ts, dr) VALUES ('2016-11-22 09:22:35', '17dd5627-f0c8-45b3-add3-bee0c3672975', null, '857cc73f-1a08-4053-b717-09404168f081', null, '2016-12-21 14:37:09', 'Y', 'Admin', '松江', '17dd5627-f0c8-45b3-add3-bee0c3672975', '123', '383a50d4-5a78-4004-8fa0-932945cc0949', '松江', '4fc0688b-e501-4b69-9fad-bf6b55014e1c', 'Y', '2016-12-21 14:37:09', 0);
INSERT INTO sys_user_job (create_time, modifier_id, user_job_note, org_id, fk_id_sys_user_job, modify_time, is_active, creator, user_name, user_id, creator_id, dept_id, modifier, id, is_default, ts, dr) VALUES ('2016-12-21 14:40:37', null, '本职岗位', 'b5e399f5-6c08-4d81-a3a3-b39e73d7cdd8', 'a58fe7eb-97c3-4ae4-926f-5a4869b06851', null, 'Y', 'Admin', '樊汝钰', 'a58fe7eb-97c3-4ae4-926f-5a4869b06851', 'test', 'aa38692e-7398-436a-b2b8-a1440821774c', null, '536ebbd4-8f56-4b43-9139-f4b3afa843c2', 'N', '2016-12-21 14:40:37', 0);
INSERT INTO sys_user_job (create_time, modifier_id, user_job_note, org_id, fk_id_sys_user_job, modify_time, is_active, creator, user_name, user_id, creator_id, dept_id, modifier, id, is_default, ts, dr) VALUES ('2016-12-21 14:40:37', 'a58fe7eb-97c3-4ae4-926f-5a4869b06851', '本职岗位', 'f7ff9099-3230-4a13-83a9-a494e1e2c11b', 'a58fe7eb-97c3-4ae4-926f-5a4869b06851', '2016-12-21 14:42:18', 'Y', 'Admin', '樊汝钰', 'a58fe7eb-97c3-4ae4-926f-5a4869b06851', 'test', '29b6597a-5727-405f-b9c6-c72c381d8d8f', '樊汝钰', '1f592da6-8254-473e-a225-8cd224ee8cd1', 'Y', '2016-12-21 14:42:18', 0);
INSERT INTO sys_user_job (create_time, modifier_id, user_job_note, org_id, fk_id_sys_user_job, modify_time, is_active, creator, user_name, user_id, creator_id, dept_id, modifier, id, is_default, ts, dr) VALUES ('2016-12-21 14:40:37', 'a58fe7eb-97c3-4ae4-926f-5a4869b06851', '本职岗位', '857cc73f-1a08-4053-b717-09404168f081', 'a58fe7eb-97c3-4ae4-926f-5a4869b06851', '2016-12-21 14:42:18', 'Y', 'Admin', '樊汝钰', 'a58fe7eb-97c3-4ae4-926f-5a4869b06851', 'test', 'ead53046-cf02-44ac-8ed1-23cee26f6159', '樊汝钰', '3b8abcab-6946-492d-9ee2-5ebfe028d4b3', 'N', '2016-12-21 14:42:18', 0);
INSERT INTO sys_user_job (create_time, modifier_id, user_job_note, org_id, fk_id_sys_user_job, modify_time, is_active, creator, user_name, user_id, creator_id, dept_id, modifier, id, is_default, ts, dr) VALUES ('2016-12-12 16:18:55', '30de0199-e8c7-445e-b957-056de6773b40', null, 'b5e399f5-6c08-4d81-a3a3-b39e73d7cdd8', null, '2016-12-21 14:42:27', 'Y', 'admin', '111', '30de0199-e8c7-445e-b957-056de6773b40', 'test', '56b5e6e8-2656-46f8-b1a8-f42a42140c88', '康星', 'b851ddf5-e215-4ec7-ae9e-b46982b7d70a', 'Y', '2016-12-21 14:42:27', 0);
INSERT INTO sys_user_job (create_time, modifier_id, user_job_note, org_id, fk_id_sys_user_job, modify_time, is_active, creator, user_name, user_id, creator_id, dept_id, modifier, id, is_default, ts, dr) VALUES ('2016-12-21 14:38:29', '30de0199-e8c7-445e-b957-056de6773b40', null, 'f158a95d-59d3-4a19-8007-a13d10ee7705', '30de0199-e8c7-445e-b957-056de6773b40', '2016-12-21 14:42:27', 'Y', 'Admin', '康星', '30de0199-e8c7-445e-b957-056de6773b40', 'test', '383a50d4-5a78-4004-8fa0-932945cc0949', '康星', '7ad7f3dd-e062-45c7-ad48-4a184d7ec923', 'N', '2016-12-21 14:42:27', 0);
INSERT INTO sys_user_job (create_time, modifier_id, user_job_note, org_id, fk_id_sys_user_job, modify_time, is_active, creator, user_name, user_id, creator_id, dept_id, modifier, id, is_default, ts, dr) VALUES ('2016-12-21 14:38:29', '30de0199-e8c7-445e-b957-056de6773b40', null, 'f7ff9099-3230-4a13-83a9-a494e1e2c11b', '30de0199-e8c7-445e-b957-056de6773b40', '2016-12-21 14:42:27', 'Y', 'Admin', '康星', '30de0199-e8c7-445e-b957-056de6773b40', 'test', '29b6597a-5727-405f-b9c6-c72c381d8d8f', '康星', '42583a7e-ad55-45e8-847c-7c6407e70fb6', 'N', '2016-12-21 14:42:27', 0);
INSERT INTO sys_user_job (create_time, modifier_id, user_job_note, org_id, fk_id_sys_user_job, modify_time, is_active, creator, user_name, user_id, creator_id, dept_id, modifier, id, is_default, ts, dr) VALUES ('2016-12-21 14:40:37', 'a58fe7eb-97c3-4ae4-926f-5a4869b06851', '本职岗位', 'b96107c0-db63-4220-b8a2-4ba22846fb33', 'a58fe7eb-97c3-4ae4-926f-5a4869b06851', '2016-12-21 14:42:18', 'Y', 'Admin', '樊汝钰', 'a58fe7eb-97c3-4ae4-926f-5a4869b06851', 'test', 'b676078b-a786-4c76-ab80-f5a9b7418e98', '樊汝钰', '6648490d-2b48-4bf5-9c15-57ba5e97ebcc', 'N', '2016-12-21 14:42:18', 0);
INSERT INTO sys_user_job (create_time, modifier_id, user_job_note, org_id, fk_id_sys_user_job, modify_time, is_active, creator, user_name, user_id, creator_id, dept_id, modifier, id, is_default, ts, dr) VALUES ('2016-12-21 14:40:37', 'a58fe7eb-97c3-4ae4-926f-5a4869b06851', '本职岗位', 'b8728e89-b9f3-4a3b-9dac-7e5c9393f4cc', 'a58fe7eb-97c3-4ae4-926f-5a4869b06851', '2016-12-21 14:42:18', 'Y', 'Admin', '樊汝钰', 'a58fe7eb-97c3-4ae4-926f-5a4869b06851', 'test', '383a50d4-5a78-4004-8fa0-932945cc0949', '樊汝钰', 'f3cc4211-dbd3-4595-9d16-7526c3a7e480', 'N', '2016-12-21 14:42:18', 0);
INSERT INTO telbook (tel, institid, sex, office, worktel, peocode, id, peoname, countryzone, email, ts, dr) VALUES (null, '3f362161-e32b-4e59-b703-df11d871244e', null, null, '18678765436', '001', '0f7de08e-817f-442f-9697-fff299ec1b98', '张洋', null, 'zhangyang@yonyou.com', '2016-12-15 10:25:23', 0);
INSERT INTO telbook (tel, institid, sex, office, worktel, peocode, id, peoname, countryzone, email, ts, dr) VALUES (null, '3f362161-e32b-4e59-b703-df11d871244e', null, null, '18678765436', '002', 'e558850a-f159-44bb-93a4-f04fdf89e143', '李浩', null, 'lihao@yonyou.com', '2016-12-15 10:25:39', 0);
INSERT INTO telbook (tel, institid, sex, office, worktel, peocode, id, peoname, countryzone, email, ts, dr) VALUES (null, '3f362161-e32b-4e59-b703-df11d871244e', null, null, '18678765436', '003', '90884c41-a23b-41f8-8977-c827f89b9775', '王庆江', null, 'wangqj@yonyou.com', '2016-12-15 10:26:01', 0);
INSERT INTO telbook (tel, institid, sex, office, worktel, peocode, id, peoname, countryzone, email, ts, dr) VALUES (null, '3f362161-e32b-4e59-b703-df11d871244e', null, null, '18678765436', '005', 'c2b0c07e-9de8-4a91-bc2e-aa06308c9114', '丁其明', null, 'dingqm@yonyou.com', '2016-12-15 10:26:20', 0);
INSERT INTO telbook (tel, institid, sex, office, worktel, peocode, id, peoname, countryzone, email, ts, dr) VALUES (null, '761dc79a-69ac-490b-8868-4e1e4f42d039', null, null, '18678765436', '006', 'f6c57f28-efd9-4278-bbde-3dd79340d1d1', '邓红霞', null, 'denghx@yonyou.com', '2016-12-15 10:26:53', 0);
INSERT INTO telbook (tel, institid, sex, office, worktel, peocode, id, peoname, countryzone, email, ts, dr) VALUES (null, '761dc79a-69ac-490b-8868-4e1e4f42d039', null, null, '18678765436', '007', 'e086dcd3-c7e7-4c83-8ee1-866f3047c3ab', '吴学军', null, 'wuxj@yonyou.com', '2016-12-15 10:27:39', 0);
INSERT INTO telbook (tel, institid, sex, office, worktel, peocode, id, peoname, countryzone, email, ts, dr) VALUES (null, '761dc79a-69ac-490b-8868-4e1e4f42d039', null, null, '18678765436', '008', 'e6c821fc-d310-4069-813d-c14894464079', '郑凯', null, 'zhengkai@yonyou.com', '2016-12-15 10:28:02', 0);
INSERT INTO telbook (tel, institid, sex, office, worktel, peocode, id, peoname, countryzone, email, ts, dr) VALUES (null, '46c6129e-05f0-43f3-997f-bc672aebec7c', null, null, '18678765436', '010', '0e2490aa-d7d9-462e-bc45-9aa8c6577d29', '孙旭峰', null, 'sunxf@yonyou.com', '2016-12-15 10:28:32', 0);
INSERT INTO telbook (tel, institid, sex, office, worktel, peocode, id, peoname, countryzone, email, ts, dr) VALUES (null, '98d0c98d-24f3-49e3-9343-df6c4d2b6cd5', null, null, '18636641735', '009', '0fd23204-f5cb-43f9-9f12-333b275b83f3', '杨晓军', null, 'yangxj@yonyou.com', '2016-12-21 14:16:46', 0);
INSERT INTO telbook (tel, institid, sex, office, worktel, peocode, id, peoname, countryzone, email, ts, dr) VALUES (null, '98d0c98d-24f3-49e3-9343-df6c4d2b6cd5', null, null, '18725371084', '011', '896e1777-ce0f-403e-9860-470519fb08b3', '刘铭刚', null, 'liumg@yonyou.com', '2016-12-21 14:17:34', 0);
INSERT INTO telbook (tel, institid, sex, office, worktel, peocode, id, peoname, countryzone, email, ts, dr) VALUES (null, '761dc79a-69ac-490b-8868-4e1e4f42d039', null, null, '18635479864', '013', 'ca8b804e-c3ee-495c-8bf3-e83cd4a25a4c', '曾宪盛', null, 'zengxs@yonyou.com', '2016-12-21 14:32:28', 0);
INSERT INTO telbook (tel, institid, sex, office, worktel, peocode, id, peoname, countryzone, email, ts, dr) VALUES (null, '761dc79a-69ac-490b-8868-4e1e4f42d039', null, null, '18627394713', '014', '05053283-3c2b-4890-954a-86107a2692be', '刘建民', null, 'liujm@yonyou.com', '2016-12-21 14:36:00', 0);
INSERT INTO telbook (tel, institid, sex, office, worktel, peocode, id, peoname, countryzone, email, ts, dr) VALUES (null, '761dc79a-69ac-490b-8868-4e1e4f42d039', null, null, '18645362185', '015', '8287a3f8-9aba-4caa-9dc3-8b3d1663fc69', '谷艳召', null, 'guyz@yonyou.com', '2016-12-21 14:36:25', 0);
INSERT INTO telbook (tel, institid, sex, office, worktel, peocode, id, peoname, countryzone, email, ts, dr) VALUES (null, '761dc79a-69ac-490b-8868-4e1e4f42d039', null, null, '18652438765', '0012', 'ae691b6c-1175-4812-a52d-bb6928e3ff64', '朱恺', null, 'zhukai@yonou.com', '2016-12-21 14:37:29', 0);



INSERT INTO md_association (id, versiontype, name, componentid, startbeanid, startelementid, endelementid, startcardinality, endcardinality, type, cascadeupdate, cascadedelete, isactive, creator, modifier, createtime, modifytime, industry, tenantid, ts, dr) VALUES ('6acda406-7230-4156-8eff-3629864e3134', 0, 'org_parentid', 'f7adbc5a-fc68-40bb-a18c-3a7fc4dbd606', '8254a6a2-5933-422e-b4bb-f13d1d22108a', 'de44d0af-7538-41dd-8efd-a5b11940ba25', '8254a6a2-5933-422e-b4bb-f13d1d22108a', '1', '1', 3, null, null, 'Y', null, null, null, null, '0', null, '2016-12-15 09:49:03', 0);
INSERT INTO md_association (id, versiontype, name, componentid, startbeanid, startelementid, endelementid, startcardinality, endcardinality, type, cascadeupdate, cascadedelete, isactive, creator, modifier, createtime, modifytime, industry, tenantid, ts, dr) VALUES ('5e351a05-5430-4163-a4b2-8cdbdcc10678', 0, 'dept_parentid', 'a787718a-39a5-42c3-acf3-f9bf5ce3d8d6', '17ffb644-c70c-48de-a47f-c5b53f75460f', 'b1b3407c-71a9-4944-ac3e-2e4f1f4a03c4', '8254a6a2-5933-422e-b4bb-f13d1d22108a', '1', '1', 3, null, null, 'Y', null, null, null, null, '0', null, '2016-12-15 09:49:04', 0);
INSERT INTO md_association (id, versiontype, name, componentid, startbeanid, startelementid, endelementid, startcardinality, endcardinality, type, cascadeupdate, cascadedelete, isactive, creator, modifier, createtime, modifytime, industry, tenantid, ts, dr) VALUES ('8b1762aa-5c3c-48a3-b240-bfb8f39207a5', 0, 'Aggregation Relation', '0f1d958f-39a5-41f8-b977-551f360f40a3', 'af352b2f-4281-4f55-92e5-fdd095bbdff5', '61c291c3-506c-4673-81da-b1e718e56fbc', 'e37eed0f-507c-4c84-92f5-7c83644844f8', '1', '1..n', 1, null, null, null, null, null, '2016-11-08 09:45:49', '2016-11-08 09:45:49', '0', null, '2016-12-15 09:49:06', 0);
INSERT INTO md_association (id, versiontype, name, componentid, startbeanid, startelementid, endelementid, startcardinality, endcardinality, type, cascadeupdate, cascadedelete, isactive, creator, modifier, createtime, modifytime, industry, tenantid, ts, dr) VALUES ('863c3d6b-92b1-4597-a236-62fcf6a4661c', 0, 'sysUser_orgid', '0f1d958f-39a5-41f8-b977-551f360f40a3', 'af352b2f-4281-4f55-92e5-fdd095bbdff5', '7fc16fb0-71ee-4daf-951b-e524a0051bc7', '8254a6a2-5933-422e-b4bb-f13d1d22108a', '1', '1', 3, null, null, 'Y', null, null, null, null, '0', null, '2016-12-15 09:49:06', 0);
INSERT INTO md_association (id, versiontype, name, componentid, startbeanid, startelementid, endelementid, startcardinality, endcardinality, type, cascadeupdate, cascadedelete, isactive, creator, modifier, createtime, modifytime, industry, tenantid, ts, dr) VALUES ('61113bce-c0f6-4dc7-aa6c-311b2d4e4925', 0, 'sysUserJob_orgid', '0f1d958f-39a5-41f8-b977-551f360f40a3', 'e37eed0f-507c-4c84-92f5-7c83644844f8', '073683a2-12c5-4fc2-9008-be234c27c43f', '8254a6a2-5933-422e-b4bb-f13d1d22108a', '1', '1', 3, null, null, 'Y', null, null, null, null, '0', null, '2016-12-15 09:49:06', 0);
INSERT INTO md_association (id, versiontype, name, componentid, startbeanid, startelementid, endelementid, startcardinality, endcardinality, type, cascadeupdate, cascadedelete, isactive, creator, modifier, createtime, modifytime, industry, tenantid, ts, dr) VALUES ('caab159b-b894-44a6-abc9-91cf8fbe74fb', 0, 'sysUserJob_deptid', '0f1d958f-39a5-41f8-b977-551f360f40a3', 'e37eed0f-507c-4c84-92f5-7c83644844f8', 'f564d08b-04d2-49d2-8c44-dafa11ec758b', '17ffb644-c70c-48de-a47f-c5b53f75460f', '1', '1', 3, null, null, 'Y', null, null, null, null, '0', null, '2016-12-15 09:49:06', 0);
INSERT INTO md_association (id, versiontype, name, componentid, startbeanid, startelementid, endelementid, startcardinality, endcardinality, type, cascadeupdate, cascadedelete, isactive, creator, modifier, createtime, modifytime, industry, tenantid, ts, dr) VALUES ('a99555b2-c8ba-4dba-9b2f-419ac3872384', 0, 'Aggregation Relation', '65579d3f-110c-4fdf-8d0b-63ba24007a3d', '6578c47e-3b55-4c9f-9c22-a9bfad79d8cb', '1462bbcc-84be-46df-bde4-03037203216b', '4bdf8034-83f4-48d4-8e2c-04aca3693586', '1', '1..n', 1, null, null, null, null, null, '2016-12-13 13:12:28', '2016-12-13 13:12:28', '0', null, '2016-12-15 09:49:11', 0);
INSERT INTO md_association (id, versiontype, name, componentid, startbeanid, startelementid, endelementid, startcardinality, endcardinality, type, cascadeupdate, cascadedelete, isactive, creator, modifier, createtime, modifytime, industry, tenantid, ts, dr) VALUES ('abc14967-3709-465b-9a71-55175aca03ad', 0, 'instit_parentid', '65579d3f-110c-4fdf-8d0b-63ba24007a3d', '6578c47e-3b55-4c9f-9c22-a9bfad79d8cb', '2c3c1f2b-2c3c-49f9-b7fe-fcff773f4749', '6578c47e-3b55-4c9f-9c22-a9bfad79d8cb', '1', '1', 3, null, null, 'Y', null, null, null, null, '0', null, '2016-12-15 09:49:11', 0);
INSERT INTO md_association (id, versiontype, name, componentid, startbeanid, startelementid, endelementid, startcardinality, endcardinality, type, cascadeupdate, cascadedelete, isactive, creator, modifier, createtime, modifytime, industry, tenantid, ts, dr) VALUES ('81ace1f6-f0a3-48b8-a806-07d1edb26e1c', 0, 'telbook_countryzone', '65579d3f-110c-4fdf-8d0b-63ba24007a3d', '4bdf8034-83f4-48d4-8e2c-04aca3693586', '16df9de7-2ac7-4458-a95d-185619fe66a4', '08ffeabe-e01d-4072-a4c3-025345386ebb', '1', '1', 3, null, null, 'Y', null, null, null, null, '0', null, '2016-12-15 09:49:11', 0);
INSERT INTO md_bizitfmap (bizinterfaceid, intattrid, classid, classattrid, bizitfimpclassname, classattrpath, versiontype, industry, tenantid, ts, dr) VALUES ('6c8722b9-911a-489b-8d0d-18bd3734fcf6', '5dd3c721-22ad-42b1-9c10-4351c236bc77', '08ffeabe-e01d-4072-a4c3-025345386ebb', 'a38c429f-caeb-413f-8b1f-a3727a75ce4e', null, null, null, null, null, '2016-12-15 09:49:19', 0);
INSERT INTO md_bizitfmap (bizinterfaceid, intattrid, classid, classattrid, bizitfimpclassname, classattrpath, versiontype, industry, tenantid, ts, dr) VALUES ('6c8722b9-911a-489b-8d0d-18bd3734fcf6', 'c8334364-7ab9-4266-8d4b-e74537935e46', '08ffeabe-e01d-4072-a4c3-025345386ebb', null, null, null, null, null, null, '2016-12-15 09:49:19', 0);
INSERT INTO md_bizitfmap (bizinterfaceid, intattrid, classid, classattrid, bizitfimpclassname, classattrpath, versiontype, industry, tenantid, ts, dr) VALUES ('6c8722b9-911a-489b-8d0d-18bd3734fcf6', 'd32cc17b-f415-415a-923f-0764443eb102', '08ffeabe-e01d-4072-a4c3-025345386ebb', '2702b115-ae64-471f-a12a-0ffb85d5a61c', null, null, null, null, null, '2016-12-15 09:49:19', 0);
INSERT INTO md_bizitfmap (bizinterfaceid, intattrid, classid, classattrid, bizitfimpclassname, classattrpath, versiontype, industry, tenantid, ts, dr) VALUES ('6c8722b9-911a-489b-8d0d-18bd3734fcf6', '89578a97-42fe-439b-827c-8eabd9e3604c', '08ffeabe-e01d-4072-a4c3-025345386ebb', '449282ce-da9c-44c3-9f97-75dec757519b', null, null, null, null, null, '2016-12-15 09:49:19', 0);
INSERT INTO md_class (id, versiontype, parentclassid, componentid, keyattribute, name, displayname, description, help, fullclassname, classtype, accessorclassname, fixedlength, precise, refmodelname, returntype, isprimary, isactive, creator, modifier, createtime, modifytime, isauthen, resid, bizitfimpclassname, modinfoclassname, iscreatesql, defaulttablename, isextendbean, userdefclassname, stereotype, industry, tenantid, ts, dr) VALUES ('BS000010000100001001', 0, null, 'UAP-BASE-COMPONENT-ID', null, 'String', '字符串', 'String', 'String', 'java.lang.String', 1, null, null, null, null, null, null, 'Y', 'cch', 'cch', '2007-07-25 12:00:00', '2007-07-25 12:30:00', 'Y', '2UC011-000015', null, null, null, null, null, null, null, '0', null, '2012-02-08 17:06:13', 0);
INSERT INTO md_class (id, versiontype, parentclassid, componentid, keyattribute, name, displayname, description, help, fullclassname, classtype, accessorclassname, fixedlength, precise, refmodelname, returntype, isprimary, isactive, creator, modifier, createtime, modifytime, isauthen, resid, bizitfimpclassname, modinfoclassname, iscreatesql, defaulttablename, isextendbean, userdefclassname, stereotype, industry, tenantid, ts, dr) VALUES ('BS000010000100001004', 0, null, 'UAP-BASE-COMPONENT-ID', null, 'Integer', '整数', 'Integer', 'Integer', 'java.lang.Integer', 4, null, null, null, null, null, null, 'Y', 'cch', 'cch', '2007-07-25 12:00:00', '2007-07-25 12:30:00', 'Y', '2UC011-000002', null, null, null, null, null, null, null, '0', null, '2012-02-08 17:06:13', 0);
INSERT INTO md_class (id, versiontype, parentclassid, componentid, keyattribute, name, displayname, description, help, fullclassname, classtype, accessorclassname, fixedlength, precise, refmodelname, returntype, isprimary, isactive, creator, modifier, createtime, modifytime, isauthen, resid, bizitfimpclassname, modinfoclassname, iscreatesql, defaulttablename, isextendbean, userdefclassname, stereotype, industry, tenantid, ts, dr) VALUES ('BS000010000100001030', 0, null, 'UAP-BASE-COMPONENT-ID', null, 'MEMO', '备注', '备注', 'MEMO', 'java.lang.String', 30, null, null, null, null, null, null, 'Y', 'cch', 'cch', '2007-07-25 12:00:00', '2007-07-25 12:30:00', 'Y', '2UC011-000003', null, null, null, null, null, null, null, '0', null, '2012-02-08 17:06:13', 0);
INSERT INTO md_class (id, versiontype, parentclassid, componentid, keyattribute, name, displayname, description, help, fullclassname, classtype, accessorclassname, fixedlength, precise, refmodelname, returntype, isprimary, isactive, creator, modifier, createtime, modifytime, isauthen, resid, bizitfimpclassname, modinfoclassname, iscreatesql, defaulttablename, isextendbean, userdefclassname, stereotype, industry, tenantid, ts, dr) VALUES ('BS000010000100001031', 0, null, 'UAP-BASE-COMPONENT-ID', null, 'Double', '数值', 'Double', 'Double', 'java.lang.Double', 31, null, null, null, null, null, null, 'Y', 'cch', 'cch', '2007-07-25 12:00:00', '2007-07-25 12:30:00', 'Y', '2UC011-000012', null, null, null, null, null, null, null, '0', null, '2012-02-08 17:06:13', 0);
INSERT INTO md_class (id, versiontype, parentclassid, componentid, keyattribute, name, displayname, description, help, fullclassname, classtype, accessorclassname, fixedlength, precise, refmodelname, returntype, isprimary, isactive, creator, modifier, createtime, modifytime, isauthen, resid, bizitfimpclassname, modinfoclassname, iscreatesql, defaulttablename, isextendbean, userdefclassname, stereotype, industry, tenantid, ts, dr) VALUES ('BS000010000100001032', 0, null, 'UAP-BASE-COMPONENT-ID', null, 'Boolean', '布尔类型', 'Boolean', 'Boolean', 'java.lang.Boolean', 32, null, null, null, null, null, null, 'Y', 'cch', 'cch', '2007-07-25 12:00:00', '2007-07-25 12:30:00', 'Y', '2UC011-000016', null, null, null, null, null, null, null, '0', null, '2012-02-08 17:06:13', 0);
INSERT INTO md_class (id, versiontype, parentclassid, componentid, keyattribute, name, displayname, description, help, fullclassname, classtype, accessorclassname, fixedlength, precise, refmodelname, returntype, isprimary, isactive, creator, modifier, createtime, modifytime, isauthen, resid, bizitfimpclassname, modinfoclassname, iscreatesql, defaulttablename, isextendbean, userdefclassname, stereotype, industry, tenantid, ts, dr) VALUES ('BS000010000100001033', 0, null, 'UAP-BASE-COMPONENT-ID', null, 'Date', '日期', 'Date', 'Date', 'java.util.Date', 33, null, null, null, null, null, null, 'Y', 'cch', 'cch', '2007-07-25 12:00:00', '2007-07-25 12:30:00', 'Y', '2UC011-000007', null, null, null, null, null, null, null, '0', null, '2012-02-08 17:06:13', 0);
INSERT INTO md_class (id, versiontype, parentclassid, componentid, keyattribute, name, displayname, description, help, fullclassname, classtype, accessorclassname, fixedlength, precise, refmodelname, returntype, isprimary, isactive, creator, modifier, createtime, modifytime, isauthen, resid, bizitfimpclassname, modinfoclassname, iscreatesql, defaulttablename, isextendbean, userdefclassname, stereotype, industry, tenantid, ts, dr) VALUES ('BS000010000100001034', 0, null, 'UAP-BASE-COMPONENT-ID', null, 'DateTime', '日期时间', 'DateTime', 'DateTime', 'java.util.Date', 34, null, null, null, null, null, null, 'Y', 'cch', 'cch', '2007-07-25 12:00:00', '2007-07-25 12:30:00', 'Y', '2UC011-000010', null, null, null, null, null, null, null, '0', null, '2012-02-08 17:06:13', 0);
INSERT INTO md_class (id, versiontype, parentclassid, componentid, keyattribute, name, displayname, description, help, fullclassname, classtype, accessorclassname, fixedlength, precise, refmodelname, returntype, isprimary, isactive, creator, modifier, createtime, modifytime, isauthen, resid, bizitfimpclassname, modinfoclassname, iscreatesql, defaulttablename, isextendbean, userdefclassname, stereotype, industry, tenantid, ts, dr) VALUES ('BS000010000100001036', 0, null, 'UAP-BASE-COMPONENT-ID', null, 'Time', '时间', 'Time', 'Time', 'java.util.Date', 36, null, null, null, null, null, null, 'Y', 'cch', 'cch', '2007-07-25 12:00:00', '2007-07-25 12:30:00', 'Y', '2UC011-000011', null, null, null, null, null, null, null, '0', null, '2012-02-08 17:06:13', 0);
INSERT INTO md_class (id, versiontype, parentclassid, componentid, keyattribute, name, displayname, description, help, fullclassname, classtype, accessorclassname, fixedlength, precise, refmodelname, returntype, isprimary, isactive, creator, modifier, createtime, modifytime, isauthen, resid, bizitfimpclassname, modinfoclassname, iscreatesql, defaulttablename, isextendbean, userdefclassname, stereotype, industry, tenantid, ts, dr) VALUES ('BS000010000100001037', 0, null, 'UAP-BASE-COMPONENT-ID', null, 'DateBegin', '日期(开始)', 'DateBegin', 'DateBegin', 'java.util.Date', 37, null, null, null, null, null, null, 'Y', 'cch', 'cch', '2007-07-25 12:00:00', '2007-07-25 12:30:00', 'Y', '2UC011-000009', null, null, null, null, null, null, null, '0', null, '2012-02-08 17:06:13', 0);
INSERT INTO md_class (id, versiontype, parentclassid, componentid, keyattribute, name, displayname, description, help, fullclassname, classtype, accessorclassname, fixedlength, precise, refmodelname, returntype, isprimary, isactive, creator, modifier, createtime, modifytime, isauthen, resid, bizitfimpclassname, modinfoclassname, iscreatesql, defaulttablename, isextendbean, userdefclassname, stereotype, industry, tenantid, ts, dr) VALUES ('BS000010000100001038', 0, null, 'UAP-BASE-COMPONENT-ID', null, 'DateEnd', '日期(结束)', 'DateEnd', 'DateEnd', 'java.util.Date', 38, null, null, null, null, null, null, 'Y', 'cch', 'cch', '2007-07-25 12:00:00', '2007-07-25 12:30:00', 'Y', '2UC011-000008', null, null, null, null, null, null, null, '0', null, '2012-02-08 17:06:13', 0);
INSERT INTO md_class (id, versiontype, parentclassid, componentid, keyattribute, name, displayname, description, help, fullclassname, classtype, accessorclassname, fixedlength, precise, refmodelname, returntype, isprimary, isactive, creator, modifier, createtime, modifytime, isauthen, resid, bizitfimpclassname, modinfoclassname, iscreatesql, defaulttablename, isextendbean, userdefclassname, stereotype, industry, tenantid, ts, dr) VALUES ('BS000010000100001039', 0, null, 'UAP-BASE-COMPONENT-ID', null, 'LiteralDate', '模糊日期', 'LiteralDate', 'LiteralDate', 'java.util.Date', 39, null, null, null, null, null, null, 'Y', 'cch', 'cch', '2007-07-25 12:00:00', '2007-07-25 12:30:00', 'Y', '2UC011-000006', null, null, null, null, null, null, null, '0', null, '2012-02-08 17:06:13', 0);
INSERT INTO md_class (id, versiontype, parentclassid, componentid, keyattribute, name, displayname, description, help, fullclassname, classtype, accessorclassname, fixedlength, precise, refmodelname, returntype, isprimary, isactive, creator, modifier, createtime, modifytime, isauthen, resid, bizitfimpclassname, modinfoclassname, iscreatesql, defaulttablename, isextendbean, userdefclassname, stereotype, industry, tenantid, ts, dr) VALUES ('BS000010000100001040', 0, null, 'UAP-BASE-COMPONENT-ID', null, 'BigDecimal', 'BigDecimal', 'BigDecimal', 'BigDecimal', 'java.math.BigDecimal', 40, null, null, null, null, null, null, 'Y', 'cch', 'cch', '2007-07-25 12:00:00', '2007-07-25 12:30:00', 'Y', null, null, null, null, null, null, null, null, '0', null, '2012-02-08 17:06:13', 0);
INSERT INTO md_class (id, versiontype, parentclassid, componentid, keyattribute, name, displayname, description, help, fullclassname, classtype, accessorclassname, fixedlength, precise, refmodelname, returntype, isprimary, isactive, creator, modifier, createtime, modifytime, isauthen, resid, bizitfimpclassname, modinfoclassname, iscreatesql, defaulttablename, isextendbean, userdefclassname, stereotype, industry, tenantid, ts, dr) VALUES ('BS000010000100001051', 0, null, 'UAP-BASE-COMPONENT-ID', null, 'ID', '主键', 'ID', 'ID', 'java.lang.String', 51, null, null, null, null, null, null, 'Y', 'cch', 'cch', '2007-07-25 12:00:00', '2007-07-25 12:30:00', 'Y', '2UC011-000017', null, null, null, null, null, null, null, '0', null, '2012-02-08 17:06:13', 0);
INSERT INTO md_class (id, versiontype, parentclassid, componentid, keyattribute, name, displayname, description, help, fullclassname, classtype, accessorclassname, fixedlength, precise, refmodelname, returntype, isprimary, isactive, creator, modifier, createtime, modifytime, isauthen, resid, bizitfimpclassname, modinfoclassname, iscreatesql, defaulttablename, isextendbean, userdefclassname, stereotype, industry, tenantid, ts, dr) VALUES ('BS000010000100001052', 0, null, 'UAP-BASE-COMPONENT-ID', null, 'Money', '金额', 'Money', 'Money', 'java.math.BigDecimal', 52, null, null, null, null, null, null, 'Y', 'cch', 'cch', '2007-07-25 12:00:00', '2007-07-25 12:30:00', 'Y', '2UC011-000005', null, null, null, null, null, null, null, '0', null, '2012-02-08 17:06:14', 0);
INSERT INTO md_class (id, versiontype, parentclassid, componentid, keyattribute, name, displayname, description, help, fullclassname, classtype, accessorclassname, fixedlength, precise, refmodelname, returntype, isprimary, isactive, creator, modifier, createtime, modifytime, isauthen, resid, bizitfimpclassname, modinfoclassname, iscreatesql, defaulttablename, isextendbean, userdefclassname, stereotype, industry, tenantid, ts, dr) VALUES ('BS000010000100001053', 0, null, 'UAP-BASE-COMPONENT-ID', null, 'BLOB', 'BLOB', 'BLOB', 'BLOB', 'java.lang.Object', 53, null, null, null, null, null, null, 'Y', 'cch', 'cch', '2007-07-25 12:00:00', '2007-07-25 12:30:00', 'Y', null, null, null, null, null, null, null, null, '0', null, '2012-02-08 17:06:14', 0);
INSERT INTO md_class (id, versiontype, parentclassid, componentid, keyattribute, name, displayname, description, help, fullclassname, classtype, accessorclassname, fixedlength, precise, refmodelname, returntype, isprimary, isactive, creator, modifier, createtime, modifytime, isauthen, resid, bizitfimpclassname, modinfoclassname, iscreatesql, defaulttablename, isextendbean, userdefclassname, stereotype, industry, tenantid, ts, dr) VALUES ('BS000010000100001054', 0, null, 'UAP-BASE-COMPONENT-ID', null, 'CLOB', 'CLOB', 'CLOB', 'CLOB', 'java.lang.String', 54, null, null, null, null, null, null, 'Y', 'cch', 'cch', '2007-07-25 12:00:00', '2007-07-25 12:30:00', 'Y', null, null, null, null, null, null, null, null, '0', null, '2012-02-08 17:06:14', 0);
INSERT INTO md_class (id, versiontype, parentclassid, componentid, keyattribute, name, displayname, description, help, fullclassname, classtype, accessorclassname, fixedlength, precise, refmodelname, returntype, isprimary, isactive, creator, modifier, createtime, modifytime, isauthen, resid, bizitfimpclassname, modinfoclassname, iscreatesql, defaulttablename, isextendbean, userdefclassname, stereotype, industry, tenantid, ts, dr) VALUES ('BS000010000100001055', 0, null, 'UAP-BASE-COMPONENT-ID', null, 'IMAGE', '图片类型', '图片类型', 'IMAGE', 'java.lang.Object', 55, null, null, null, null, null, null, 'Y', 'cch', 'cch', '2007-07-25 12:00:00', '2007-07-25 12:30:00', 'Y', '2UC011-000018', null, null, null, null, null, null, null, '0', null, '2012-02-08 17:06:14', 0);
INSERT INTO md_class (id, versiontype, parentclassid, componentid, keyattribute, name, displayname, description, help, fullclassname, classtype, accessorclassname, fixedlength, precise, refmodelname, returntype, isprimary, isactive, creator, modifier, createtime, modifytime, isauthen, resid, bizitfimpclassname, modinfoclassname, iscreatesql, defaulttablename, isextendbean, userdefclassname, stereotype, industry, tenantid, ts, dr) VALUES ('BS000010000100001056', 0, null, 'UAP-BASE-COMPONENT-ID', null, 'CUSTOM', '自定义项', '自定义项', 'CUSTOM', 'java.lang.String', 56, null, null, null, null, null, null, 'Y', 'cch', 'cch', '2007-07-25 12:00:00', '2007-07-25 12:30:00', 'Y', '2UC011-000013', null, null, null, null, null, null, null, '0', null, '2012-02-08 17:06:14', 0);
INSERT INTO md_class (id, versiontype, parentclassid, componentid, keyattribute, name, displayname, description, help, fullclassname, classtype, accessorclassname, fixedlength, precise, refmodelname, returntype, isprimary, isactive, creator, modifier, createtime, modifytime, isauthen, resid, bizitfimpclassname, modinfoclassname, iscreatesql, defaulttablename, isextendbean, userdefclassname, stereotype, industry, tenantid, ts, dr) VALUES ('BS000010000100001058', 0, null, 'UAP-BASE-COMPONENT-ID', null, 'MULTILANGTEXT', '多语文本', '多语文本', 'MULTILANGTEXT', 'java.lang.String', 58, null, null, null, null, null, null, 'Y', 'cch', 'cch', '2007-07-25 12:00:00', '2007-07-25 12:30:00', 'Y', '2UC011-000004', null, null, null, null, null, null, null, '0', null, '2012-02-08 17:06:14', 0);
INSERT INTO md_class (id, versiontype, parentclassid, componentid, keyattribute, name, displayname, description, help, fullclassname, classtype, accessorclassname, fixedlength, precise, refmodelname, returntype, isprimary, isactive, creator, modifier, createtime, modifytime, isauthen, resid, bizitfimpclassname, modinfoclassname, iscreatesql, defaulttablename, isextendbean, userdefclassname, stereotype, industry, tenantid, ts, dr) VALUES ('BS000010000100001059', 0, null, 'UAP-BASE-COMPONENT-ID', null, 'CUSTOM', '自由项', '自由项', 'FREEDOM', 'java.lang.String', 59, null, null, null, null, null, null, 'Y', 'cch', 'cch', '2007-07-25 12:00:00', '2007-07-25 12:30:00', 'Y', '2UC011-000014', null, null, null, null, null, null, null, '0', null, '2012-02-08 17:06:14', 0);
INSERT INTO md_class (id, versiontype, parentclassid, componentid, keyattribute, name, displayname, description, help, fullclassname, classtype, accessorclassname, fixedlength, precise, refmodelname, returntype, isprimary, isactive, creator, modifier, createtime, modifytime, isauthen, resid, bizitfimpclassname, modinfoclassname, iscreatesql, defaulttablename, isextendbean, userdefclassname, stereotype, industry, tenantid, ts, dr) VALUES ('BS000010000100001070', 0, null, 'UAP-BASE-COMPONENT-ID', null, 'ConversionRate', '换算率', '换算率', 'ConversionRate', 'java.lang.String', 70, null, null, null, null, null, null, 'Y', 'dingxm', 'cch', '2007-07-25 12:00:00', '2007-07-25 12:30:00', 'Y', '2UC011-000020', null, null, null, null, null, null, null, '0', null, '2012-02-08 17:06:13', 0);
INSERT INTO md_class (id, versiontype, parentclassid, componentid, keyattribute, name, displayname, description, help, fullclassname, classtype, accessorclassname, fixedlength, precise, refmodelname, returntype, isprimary, isactive, creator, modifier, createtime, modifytime, isauthen, resid, bizitfimpclassname, modinfoclassname, iscreatesql, defaulttablename, isextendbean, userdefclassname, stereotype, industry, tenantid, ts, dr) VALUES ('BS000010000100001015', 0, null, 'UAP-BASE-COMPONENT-ID', null, 'BigInteger', '长整数', 'BigInteger', 'BigInteger', 'java.math.BigInteger', 15, null, null, null, null, null, null, 'Y', 'cch', 'cch', '2007-07-25 12:00:00', '2007-07-25 12:30:00', 'Y', '2UC011-000002', null, null, null, null, null, null, null, '0', null, '2012-02-08 17:06:13', 0);
INSERT INTO md_class (id, versiontype, parentclassid, componentid, keyattribute, name, displayname, description, help, fullclassname, classtype, accessorclassname, fixedlength, precise, refmodelname, returntype, isprimary, isactive, creator, modifier, createtime, modifytime, isauthen, resid, bizitfimpclassname, modinfoclassname, iscreatesql, defaulttablename, isextendbean, userdefclassname, stereotype, industry, tenantid, ts, dr) VALUES ('d08bf8be-62d0-498d-931b-0d80e49022fb', 0, null, '168ffa92-56c5-4c60-a7d8-3cf0b7f4734b', '636b7e2d-7d10-4dcb-802f-3bd8f3f399de', 'sysDictTypeMeta', '档案', null, null, 'com.yonyou.iuap.example.entity.meta.SysDictTypeMeta', 201, 'nc.md.model.access.javamap.POJOStyle', null, null, null, null, 'Y', null, null, null, '2016-12-12 15:28:29', '2016-12-13 11:10:33', 'Y', null, null, null, 'Y', 'sys_dict_type_meta', null, null, null, '0', null, '2016-12-15 09:48:38', 0);
INSERT INTO md_class (id, versiontype, parentclassid, componentid, keyattribute, name, displayname, description, help, fullclassname, classtype, accessorclassname, fixedlength, precise, refmodelname, returntype, isprimary, isactive, creator, modifier, createtime, modifytime, isauthen, resid, bizitfimpclassname, modinfoclassname, iscreatesql, defaulttablename, isextendbean, userdefclassname, stereotype, industry, tenantid, ts, dr) VALUES ('4392297d-3430-4433-ba48-55266005bcc2', 0, null, '2ffbee6a-001e-4459-a7ba-8f14e45a41b8', 'f1c3dfb6-2d26-4f85-8173-efa3a1a412be', 'cardTableMeta', '卡片列表', null, null, 'com.yonyou.iuap.example.entity.meta.CardTableMeta', 201, 'nc.md.model.access.javamap.POJOStyle', null, null, null, null, 'Y', null, null, null, '2016-12-12 15:03:23', '2016-12-13 14:58:29', 'Y', null, null, null, 'Y', 'cardTableMeta', null, null, null, '0', null, '2016-12-15 09:48:57', 0);
INSERT INTO md_class (id, versiontype, parentclassid, componentid, keyattribute, name, displayname, description, help, fullclassname, classtype, accessorclassname, fixedlength, precise, refmodelname, returntype, isprimary, isactive, creator, modifier, createtime, modifytime, isauthen, resid, bizitfimpclassname, modinfoclassname, iscreatesql, defaulttablename, isextendbean, userdefclassname, stereotype, industry, tenantid, ts, dr) VALUES ('8254a6a2-5933-422e-b4bb-f13d1d22108a', 0, null, 'f7adbc5a-fc68-40bb-a18c-3a7fc4dbd606', 'bc9aa608-9761-450a-a718-7feaa0df2429', 'org', '组织', null, null, 'com.yonyou.iuap.example.entity.meta.Org', 201, 'nc.md.model.access.javamap.POJOStyle', null, null, null, null, 'Y', null, null, null, '2016-11-07 13:30:47', '2016-12-14 13:59:45', 'Y', null, null, null, 'Y', 'org', null, null, null, '0', null, '2016-12-15 09:49:03', 0);
INSERT INTO md_class (id, versiontype, parentclassid, componentid, keyattribute, name, displayname, description, help, fullclassname, classtype, accessorclassname, fixedlength, precise, refmodelname, returntype, isprimary, isactive, creator, modifier, createtime, modifytime, isauthen, resid, bizitfimpclassname, modinfoclassname, iscreatesql, defaulttablename, isextendbean, userdefclassname, stereotype, industry, tenantid, ts, dr) VALUES ('17ffb644-c70c-48de-a47f-c5b53f75460f', 0, null, 'a787718a-39a5-42c3-acf3-f9bf5ce3d8d6', '03fd3103-1d97-43ea-a122-9e0cc1196359', 'dept', '部门', null, null, 'com.yonyou.iuap.example.entity.meta.Dept', 201, 'nc.md.model.access.javamap.POJOStyle', null, null, null, null, 'Y', null, null, null, '2016-11-16 10:53:23', '2016-12-14 14:00:00', 'Y', null, null, null, 'Y', 'dept', null, null, null, '0', null, '2016-12-15 09:49:04', 0);
INSERT INTO md_class (id, versiontype, parentclassid, componentid, keyattribute, name, displayname, description, help, fullclassname, classtype, accessorclassname, fixedlength, precise, refmodelname, returntype, isprimary, isactive, creator, modifier, createtime, modifytime, isauthen, resid, bizitfimpclassname, modinfoclassname, iscreatesql, defaulttablename, isextendbean, userdefclassname, stereotype, industry, tenantid, ts, dr) VALUES ('4ba9039a-1f79-4d3f-a0e4-3af7a047fcb5', 0, null, 'a787718a-39a5-42c3-acf3-f9bf5ce3d8d6', null, 'DeptType', '部门类型', null, null, 'com.yonyou.iuap.example.entity.meta.DeptType', 203, null, null, null, null, 'BS000010000100001001', 'N', null, null, null, '2016-11-16 11:00:09', '2016-12-14 13:58:18', null, null, null, null, null, 'DeptType', null, null, null, '0', null, '2016-12-15 09:49:04', 0);
INSERT INTO md_class (id, versiontype, parentclassid, componentid, keyattribute, name, displayname, description, help, fullclassname, classtype, accessorclassname, fixedlength, precise, refmodelname, returntype, isprimary, isactive, creator, modifier, createtime, modifytime, isauthen, resid, bizitfimpclassname, modinfoclassname, iscreatesql, defaulttablename, isextendbean, userdefclassname, stereotype, industry, tenantid, ts, dr) VALUES ('6578c47e-3b55-4c9f-9c22-a9bfad79d8cb', 0, null, '65579d3f-110c-4fdf-8d0b-63ba24007a3d', '2b8fdeeb-577c-417d-8e90-627b8fed67e6', 'instit', '机构', null, null, 'com.yonyou.iuap.example.entity.meta.Instit', 201, 'nc.md.model.access.javamap.POJOStyle', null, null, null, null, 'Y', null, null, null, '2016-12-13 13:12:28', '2016-12-14 09:59:14', 'Y', null, null, null, 'Y', 'instit', null, null, null, '0', null, '2016-12-15 09:49:11', 0);
INSERT INTO md_class (id, versiontype, parentclassid, componentid, keyattribute, name, displayname, description, help, fullclassname, classtype, accessorclassname, fixedlength, precise, refmodelname, returntype, isprimary, isactive, creator, modifier, createtime, modifytime, isauthen, resid, bizitfimpclassname, modinfoclassname, iscreatesql, defaulttablename, isextendbean, userdefclassname, stereotype, industry, tenantid, ts, dr) VALUES ('4bdf8034-83f4-48d4-8e2c-04aca3693586', 0, null, '65579d3f-110c-4fdf-8d0b-63ba24007a3d', '45259f0e-2d6e-4fd2-bc56-51a322860eed', 'telbook', '通讯录', null, null, 'com.yonyou.iuap.example.entity.meta.Telbook', 201, 'nc.md.model.access.javamap.POJOStyle', null, null, null, null, 'N', null, null, null, '2016-12-13 13:12:28', '2016-12-14 09:59:14', 'Y', null, null, null, 'Y', 'telbook', null, null, null, '0', null, '2016-12-15 09:49:11', 0);
INSERT INTO md_class (id, versiontype, parentclassid, componentid, keyattribute, name, displayname, description, help, fullclassname, classtype, accessorclassname, fixedlength, precise, refmodelname, returntype, isprimary, isactive, creator, modifier, createtime, modifytime, isauthen, resid, bizitfimpclassname, modinfoclassname, iscreatesql, defaulttablename, isextendbean, userdefclassname, stereotype, industry, tenantid, ts, dr) VALUES ('90c3c346-8efe-4e48-b892-23e7b2d5f096', 0, null, '65579d3f-110c-4fdf-8d0b-63ba24007a3d', null, 'Sex', '性别', null, null, 'com.yonyou.iuap.example.entity.meta.Sex', 203, null, null, null, null, 'BS000010000100001001', 'N', null, null, null, '2016-12-13 13:12:51', '2016-12-14 09:58:47', null, null, null, null, null, 'Sex', null, null, null, '0', null, '2016-12-15 09:49:11', 0);
INSERT INTO md_class (id, versiontype, parentclassid, componentid, keyattribute, name, displayname, description, help, fullclassname, classtype, accessorclassname, fixedlength, precise, refmodelname, returntype, isprimary, isactive, creator, modifier, createtime, modifytime, isauthen, resid, bizitfimpclassname, modinfoclassname, iscreatesql, defaulttablename, isextendbean, userdefclassname, stereotype, industry, tenantid, ts, dr) VALUES ('af352b2f-4281-4f55-92e5-fdd095bbdff5', 0, null, '0f1d958f-39a5-41f8-b977-551f360f40a3', '01a74741-fa52-477a-a58e-5565db36de0b', 'sysUser', '用户管理表', null, null, 'com.yonyou.iuap.example.entity.meta.SysUser', 201, 'nc.md.model.access.javamap.POJOStyle', null, null, null, null, 'Y', null, null, null, '2016-11-08 09:18:08', '2016-12-14 14:15:14', 'Y', null, null, null, 'Y', 'sys_user', null, null, null, '0', null, '2016-12-15 09:49:05', 0);
INSERT INTO md_class (id, versiontype, parentclassid, componentid, keyattribute, name, displayname, description, help, fullclassname, classtype, accessorclassname, fixedlength, precise, refmodelname, returntype, isprimary, isactive, creator, modifier, createtime, modifytime, isauthen, resid, bizitfimpclassname, modinfoclassname, iscreatesql, defaulttablename, isextendbean, userdefclassname, stereotype, industry, tenantid, ts, dr) VALUES ('e37eed0f-507c-4c84-92f5-7c83644844f8', 0, null, '0f1d958f-39a5-41f8-b977-551f360f40a3', 'c626af22-65ed-4d02-ac21-9e99ee465a96', 'sysUserJob', '用户任职表', null, null, 'com.yonyou.iuap.example.entity.meta.SysUserJob', 201, 'nc.md.model.access.javamap.POJOStyle', null, null, null, null, 'N', null, null, null, '2016-11-08 09:33:28', '2016-12-14 14:15:14', 'Y', null, null, null, 'Y', 'sys_user_job', null, null, null, '0', null, '2016-12-15 09:49:05', 0);
INSERT INTO md_class (id, versiontype, parentclassid, componentid, keyattribute, name, displayname, description, help, fullclassname, classtype, accessorclassname, fixedlength, precise, refmodelname, returntype, isprimary, isactive, creator, modifier, createtime, modifytime, isauthen, resid, bizitfimpclassname, modinfoclassname, iscreatesql, defaulttablename, isextendbean, userdefclassname, stereotype, industry, tenantid, ts, dr) VALUES ('08ffeabe-e01d-4072-a4c3-025345386ebb', 0, null, '7ab0a8fc-d04b-4ac5-811d-5d19fa67c174', 'a38c429f-caeb-413f-8b1f-a3727a75ce4e', 'countryzone', '国家地区', null, null, 'com.yonyou.iuap.example.entity.meta.Countryzone', 201, 'nc.md.model.access.javamap.POJOStyle', null, null, null, null, 'Y', null, null, null, '2016-11-16 11:11:17', '2016-12-13 14:58:33', 'Y', null, null, null, 'Y', 'bd_countryzone', null, null, null, '0', null, '2016-12-15 09:49:18', 0);
INSERT INTO md_class (id, versiontype, parentclassid, componentid, keyattribute, name, displayname, description, help, fullclassname, classtype, accessorclassname, fixedlength, precise, refmodelname, returntype, isprimary, isactive, creator, modifier, createtime, modifytime, isauthen, resid, bizitfimpclassname, modinfoclassname, iscreatesql, defaulttablename, isextendbean, userdefclassname, stereotype, industry, tenantid, ts, dr) VALUES ('6c8722b9-911a-489b-8d0d-18bd3734fcf6', 0, null, 'aa1e1c21-6241-4134-a71a-05624e14140f', null, 'IBDObject', 'IBDObject', null, null, 'com.yonyou.iuap.example.entity.meta.IBDObject', 206, null, null, null, null, null, 'N', null, null, null, '2008-02-20 13:38:36', '2016-11-16 15:20:12', null, null, null, null, null, 'IBDObject', null, null, null, '0', null, '2016-12-15 09:49:23', 0);
INSERT INTO md_column (id, versiontype, tableid, name, displayname, description, help, isactive, sqldatetype, pkey, identitied, incrementstep, incrementseed, nullable, precise, columnlength, defaultvalue, columnsequence, modifytime, createtime, modifier, creator, resid, groupid, columntype, forlocale, tenantid, ts, dr) VALUES ('sys_dict_type_meta@@PK@@', 0, 'sys_dict_type_meta', 'dict_id', '主键', null, null, 'Y', 'char', 'Y', null, null, null, 'N', 0, 36, null, 0, null, null, null, null, null, null, 0, 'N', null, '2016-12-15 09:48:38', 0);
INSERT INTO md_column (id, versiontype, tableid, name, displayname, description, help, isactive, sqldatetype, pkey, identitied, incrementstep, incrementseed, nullable, precise, columnlength, defaultvalue, columnsequence, modifytime, createtime, modifier, creator, resid, groupid, columntype, forlocale, tenantid, ts, dr) VALUES ('sys_dict_type_meta@@@dict_type_code', 0, 'sys_dict_type_meta', 'dict_type_code', '编码', null, null, 'Y', 'varchar', 'N', null, null, null, 'Y', 0, 100, null, 1, null, null, null, null, null, null, 0, 'N', null, '2016-12-15 09:48:38', 0);
INSERT INTO md_column (id, versiontype, tableid, name, displayname, description, help, isactive, sqldatetype, pkey, identitied, incrementstep, incrementseed, nullable, precise, columnlength, defaultvalue, columnsequence, modifytime, createtime, modifier, creator, resid, groupid, columntype, forlocale, tenantid, ts, dr) VALUES ('sys_dict_type_meta@@@dict_type_name', 0, 'sys_dict_type_meta', 'dict_type_name', '名称', null, null, 'Y', 'varchar', 'N', null, null, null, 'Y', 0, 100, null, 2, null, null, null, null, null, null, 0, 'N', null, '2016-12-15 09:48:38', 0);
INSERT INTO md_column (id, versiontype, tableid, name, displayname, description, help, isactive, sqldatetype, pkey, identitied, incrementstep, incrementseed, nullable, precise, columnlength, defaultvalue, columnsequence, modifytime, createtime, modifier, creator, resid, groupid, columntype, forlocale, tenantid, ts, dr) VALUES ('sys_dict_type_meta@@@is_fixed', 0, 'sys_dict_type_meta', 'is_fixed', '系统预制', null, null, 'Y', 'varchar', 'N', null, null, null, 'Y', 0, 50, null, 3, null, null, null, null, null, null, 0, 'N', null, '2016-12-15 09:48:38', 0);
INSERT INTO md_column (id, versiontype, tableid, name, displayname, description, help, isactive, sqldatetype, pkey, identitied, incrementstep, incrementseed, nullable, precise, columnlength, defaultvalue, columnsequence, modifytime, createtime, modifier, creator, resid, groupid, columntype, forlocale, tenantid, ts, dr) VALUES ('sys_dict_type_meta@@@remark', 0, 'sys_dict_type_meta', 'remark', '评论', null, null, 'Y', 'varchar', 'N', null, null, null, 'Y', 0, 512, null, 4, null, null, null, null, null, null, 0, 'N', null, '2016-12-15 09:48:38', 0);
INSERT INTO md_column (id, versiontype, tableid, name, displayname, description, help, isactive, sqldatetype, pkey, identitied, incrementstep, incrementseed, nullable, precise, columnlength, defaultvalue, columnsequence, modifytime, createtime, modifier, creator, resid, groupid, columntype, forlocale, tenantid, ts, dr) VALUES ('sys_dict_type_meta@@@creator_id', 0, 'sys_dict_type_meta', 'creator_id', '创建人ID', null, null, 'Y', 'varchar', 'N', null, null, null, 'Y', 0, 40, null, 5, null, null, null, null, null, null, 0, 'N', null, '2016-12-15 09:48:38', 0);
INSERT INTO md_column (id, versiontype, tableid, name, displayname, description, help, isactive, sqldatetype, pkey, identitied, incrementstep, incrementseed, nullable, precise, columnlength, defaultvalue, columnsequence, modifytime, createtime, modifier, creator, resid, groupid, columntype, forlocale, tenantid, ts, dr) VALUES ('sys_dict_type_meta@@@creator', 0, 'sys_dict_type_meta', 'creator', '创建人', null, null, 'Y', 'varchar', 'N', null, null, null, 'Y', 0, 20, null, 6, null, null, null, null, null, null, 0, 'N', null, '2016-12-15 09:48:38', 0);
INSERT INTO md_column (id, versiontype, tableid, name, displayname, description, help, isactive, sqldatetype, pkey, identitied, incrementstep, incrementseed, nullable, precise, columnlength, defaultvalue, columnsequence, modifytime, createtime, modifier, creator, resid, groupid, columntype, forlocale, tenantid, ts, dr) VALUES ('sys_dict_type_meta@@@create_time', 0, 'sys_dict_type_meta', 'create_time', '创建时间', null, null, 'Y', 'datetime', 'N', null, null, null, 'Y', 0, 0, null, 7, null, null, null, null, null, null, 0, 'N', null, '2016-12-15 09:48:38', 0);
INSERT INTO md_column (id, versiontype, tableid, name, displayname, description, help, isactive, sqldatetype, pkey, identitied, incrementstep, incrementseed, nullable, precise, columnlength, defaultvalue, columnsequence, modifytime, createtime, modifier, creator, resid, groupid, columntype, forlocale, tenantid, ts, dr) VALUES ('sys_dict_type_meta@@@modifier_id', 0, 'sys_dict_type_meta', 'modifier_id', '修改人ID', null, null, 'Y', 'varchar', 'N', null, null, null, 'Y', 0, 40, null, 8, null, null, null, null, null, null, 0, 'N', null, '2016-12-15 09:48:38', 0);
INSERT INTO md_column (id, versiontype, tableid, name, displayname, description, help, isactive, sqldatetype, pkey, identitied, incrementstep, incrementseed, nullable, precise, columnlength, defaultvalue, columnsequence, modifytime, createtime, modifier, creator, resid, groupid, columntype, forlocale, tenantid, ts, dr) VALUES ('sys_dict_type_meta@@@modifier', 0, 'sys_dict_type_meta', 'modifier', '修改人', null, null, 'Y', 'varchar', 'N', null, null, null, 'Y', 0, 20, null, 9, null, null, null, null, null, null, 0, 'N', null, '2016-12-15 09:48:38', 0);
INSERT INTO md_column (id, versiontype, tableid, name, displayname, description, help, isactive, sqldatetype, pkey, identitied, incrementstep, incrementseed, nullable, precise, columnlength, defaultvalue, columnsequence, modifytime, createtime, modifier, creator, resid, groupid, columntype, forlocale, tenantid, ts, dr) VALUES ('sys_dict_type_meta@@@modify_time', 0, 'sys_dict_type_meta', 'modify_time', '修改时间', null, null, 'Y', 'datetime', 'N', null, null, null, 'Y', 0, 0, null, 10, null, null, null, null, null, null, 0, 'N', null, '2016-12-15 09:48:38', 0);
INSERT INTO md_column (id, versiontype, tableid, name, displayname, description, help, isactive, sqldatetype, pkey, identitied, incrementstep, incrementseed, nullable, precise, columnlength, defaultvalue, columnsequence, modifytime, createtime, modifier, creator, resid, groupid, columntype, forlocale, tenantid, ts, dr) VALUES ('cardTableMeta@@@name', 0, 'cardTableMeta', 'name', '系统名称', null, null, 'Y', 'varchar', 'N', null, null, null, 'Y', 0, 100, null, 0, null, null, null, null, null, null, 0, 'N', null, '2016-12-15 09:48:57', 0);
INSERT INTO md_column (id, versiontype, tableid, name, displayname, description, help, isactive, sqldatetype, pkey, identitied, incrementstep, incrementseed, nullable, precise, columnlength, defaultvalue, columnsequence, modifytime, createtime, modifier, creator, resid, groupid, columntype, forlocale, tenantid, ts, dr) VALUES ('cardTableMeta@@@code', 0, 'cardTableMeta', 'code', '系统编码', null, null, 'Y', 'varchar', 'N', null, null, null, 'Y', 0, 50, null, 1, null, null, null, null, null, null, 0, 'N', null, '2016-12-15 09:48:57', 0);
INSERT INTO md_column (id, versiontype, tableid, name, displayname, description, help, isactive, sqldatetype, pkey, identitied, incrementstep, incrementseed, nullable, precise, columnlength, defaultvalue, columnsequence, modifytime, createtime, modifier, creator, resid, groupid, columntype, forlocale, tenantid, ts, dr) VALUES ('cardTableMeta@@PK@@', 0, 'cardTableMeta', 'pk_system', '主键', null, null, 'Y', 'char', 'Y', null, null, null, 'N', 0, 36, null, 2, null, null, null, null, null, null, 0, 'N', null, '2016-12-15 09:48:57', 0);
INSERT INTO md_column (id, versiontype, tableid, name, displayname, description, help, isactive, sqldatetype, pkey, identitied, incrementstep, incrementseed, nullable, precise, columnlength, defaultvalue, columnsequence, modifytime, createtime, modifier, creator, resid, groupid, columntype, forlocale, tenantid, ts, dr) VALUES ('cardTableMeta@@@gateway', 0, 'cardTableMeta', 'gateway', '网管地址', null, null, 'Y', 'varchar', 'N', null, null, null, 'Y', 0, 50, null, 3, null, null, null, null, null, null, 0, 'N', null, '2016-12-15 09:48:57', 0);
INSERT INTO md_column (id, versiontype, tableid, name, displayname, description, help, isactive, sqldatetype, pkey, identitied, incrementstep, incrementseed, nullable, precise, columnlength, defaultvalue, columnsequence, modifytime, createtime, modifier, creator, resid, groupid, columntype, forlocale, tenantid, ts, dr) VALUES ('cardTableMeta@@@radiodatacontroller', 0, 'cardTableMeta', 'radiodatacontroller', '需要授权', null, null, 'Y', 'varchar', 'N', null, null, null, 'Y', 0, 50, null, 4, null, null, null, null, null, null, 0, 'N', null, '2016-12-15 09:48:57', 0);
INSERT INTO md_column (id, versiontype, tableid, name, displayname, description, help, isactive, sqldatetype, pkey, identitied, incrementstep, incrementseed, nullable, precise, columnlength, defaultvalue, columnsequence, modifytime, createtime, modifier, creator, resid, groupid, columntype, forlocale, tenantid, ts, dr) VALUES ('cardTableMeta@@@radiodataassociate', 0, 'cardTableMeta', 'radiodataassociate', '用户自关联', null, null, 'Y', 'varchar', 'N', null, null, null, 'Y', 0, 50, null, 5, null, null, null, null, null, null, 0, 'N', null, '2016-12-15 09:48:57', 0);
INSERT INTO md_column (id, versiontype, tableid, name, displayname, description, help, isactive, sqldatetype, pkey, identitied, incrementstep, incrementseed, nullable, precise, columnlength, defaultvalue, columnsequence, modifytime, createtime, modifier, creator, resid, groupid, columntype, forlocale, tenantid, ts, dr) VALUES ('cardTableMeta@@@combodatamodel', 0, 'cardTableMeta', 'combodatamodel', '认证模式', null, null, 'Y', 'varchar', 'N', null, null, null, 'Y', 0, 50, null, 6, null, null, null, null, null, null, 0, 'N', null, '2016-12-15 09:48:57', 0);
INSERT INTO md_column (id, versiontype, tableid, name, displayname, description, help, isactive, sqldatetype, pkey, identitied, incrementstep, incrementseed, nullable, precise, columnlength, defaultvalue, columnsequence, modifytime, createtime, modifier, creator, resid, groupid, columntype, forlocale, tenantid, ts, dr) VALUES ('cardTableMeta@@@tag', 0, 'cardTableMeta', 'tag', 'tag', null, null, 'Y', 'varchar', 'N', null, null, null, 'Y', 0, 50, null, 7, null, null, null, null, null, null, 0, 'N', null, '2016-12-15 09:48:57', 0);
INSERT INTO md_column (id, versiontype, tableid, name, displayname, description, help, isactive, sqldatetype, pkey, identitied, incrementstep, incrementseed, nullable, precise, columnlength, defaultvalue, columnsequence, modifytime, createtime, modifier, creator, resid, groupid, columntype, forlocale, tenantid, ts, dr) VALUES ('cardTableMeta@@@createtime', 0, 'cardTableMeta', 'createtime', '创建时间', null, null, 'Y', 'datetime', 'N', null, null, null, 'Y', 0, 0, null, 8, null, null, null, null, null, null, 0, 'N', null, '2016-12-15 09:48:57', 0);
INSERT INTO md_column (id, versiontype, tableid, name, displayname, description, help, isactive, sqldatetype, pkey, identitied, incrementstep, incrementseed, nullable, precise, columnlength, defaultvalue, columnsequence, modifytime, createtime, modifier, creator, resid, groupid, columntype, forlocale, tenantid, ts, dr) VALUES ('instit@@PK@@', 0, 'instit', 'institid', '主键', null, null, 'Y', 'char', 'Y', null, null, null, 'N', 0, 36, null, 0, null, null, null, null, null, null, 0, 'N', null, '2016-12-15 09:49:11', 0);
INSERT INTO md_column (id, versiontype, tableid, name, displayname, description, help, isactive, sqldatetype, pkey, identitied, incrementstep, incrementseed, nullable, precise, columnlength, defaultvalue, columnsequence, modifytime, createtime, modifier, creator, resid, groupid, columntype, forlocale, tenantid, ts, dr) VALUES ('instit@@@instit_code', 0, 'instit', 'instit_code', '编码', null, null, 'Y', 'varchar', 'N', null, null, null, 'N', 0, 200, null, 1, null, null, null, null, null, null, 0, 'N', null, '2016-12-15 09:49:11', 0);
INSERT INTO md_column (id, versiontype, tableid, name, displayname, description, help, isactive, sqldatetype, pkey, identitied, incrementstep, incrementseed, nullable, precise, columnlength, defaultvalue, columnsequence, modifytime, createtime, modifier, creator, resid, groupid, columntype, forlocale, tenantid, ts, dr) VALUES ('instit@@@instit_name', 0, 'instit', 'instit_name', '名称', null, null, 'Y', 'varchar', 'N', null, null, null, 'N', 0, 200, null, 2, null, null, null, null, null, null, 0, 'N', null, '2016-12-15 09:49:11', 0);
INSERT INTO md_column (id, versiontype, tableid, name, displayname, description, help, isactive, sqldatetype, pkey, identitied, incrementstep, incrementseed, nullable, precise, columnlength, defaultvalue, columnsequence, modifytime, createtime, modifier, creator, resid, groupid, columntype, forlocale, tenantid, ts, dr) VALUES ('instit@@@short_name', 0, 'instit', 'short_name', '简称', null, null, 'Y', 'varchar', 'N', null, null, null, 'Y', 0, 50, null, 3, null, null, null, null, null, null, 0, 'N', null, '2016-12-15 09:49:11', 0);
INSERT INTO md_column (id, versiontype, tableid, name, displayname, description, help, isactive, sqldatetype, pkey, identitied, incrementstep, incrementseed, nullable, precise, columnlength, defaultvalue, columnsequence, modifytime, createtime, modifier, creator, resid, groupid, columntype, forlocale, tenantid, ts, dr) VALUES ('instit@@@instit_type', 0, 'instit', 'instit_type', '类型', null, null, 'Y', 'varchar', 'N', null, null, null, 'Y', 0, 10, null, 4, null, null, null, null, null, null, 0, 'N', null, '2016-12-15 09:49:11', 0);
INSERT INTO md_column (id, versiontype, tableid, name, displayname, description, help, isactive, sqldatetype, pkey, identitied, incrementstep, incrementseed, nullable, precise, columnlength, defaultvalue, columnsequence, modifytime, createtime, modifier, creator, resid, groupid, columntype, forlocale, tenantid, ts, dr) VALUES ('instit@@@email', 0, 'instit', 'email', '邮箱', null, null, 'Y', 'varchar', 'N', null, null, null, 'Y', 0, 50, null, 5, null, null, null, null, null, null, 0, 'N', null, '2016-12-15 09:49:11', 0);
INSERT INTO md_column (id, versiontype, tableid, name, displayname, description, help, isactive, sqldatetype, pkey, identitied, incrementstep, incrementseed, nullable, precise, columnlength, defaultvalue, columnsequence, modifytime, createtime, modifier, creator, resid, groupid, columntype, forlocale, tenantid, ts, dr) VALUES ('instit@@@parent_id', 0, 'instit', 'parent_id', '上级ID', null, null, 'Y', 'varchar', 'N', null, null, null, 'Y', 0, 36, '*~', 6, null, null, null, null, null, null, 0, 'N', null, '2016-12-15 09:49:11', 0);
INSERT INTO md_column (id, versiontype, tableid, name, displayname, description, help, isactive, sqldatetype, pkey, identitied, incrementstep, incrementseed, nullable, precise, columnlength, defaultvalue, columnsequence, modifytime, createtime, modifier, creator, resid, groupid, columntype, forlocale, tenantid, ts, dr) VALUES ('instit@@@creator', 0, 'instit', 'creator', '创建人', null, null, 'Y', 'varchar', 'N', null, null, null, 'Y', 0, 20, null, 7, null, null, null, null, null, null, 0, 'N', null, '2016-12-15 09:49:12', 0);
INSERT INTO md_column (id, versiontype, tableid, name, displayname, description, help, isactive, sqldatetype, pkey, identitied, incrementstep, incrementseed, nullable, precise, columnlength, defaultvalue, columnsequence, modifytime, createtime, modifier, creator, resid, groupid, columntype, forlocale, tenantid, ts, dr) VALUES ('org@@PK@@', 0, 'org', 'org_id', '主键', null, null, 'Y', 'char', 'Y', null, null, null, 'N', 0, 36, null, 0, null, null, null, null, null, null, 0, 'N', null, '2016-12-15 09:49:04', 0);
INSERT INTO md_column (id, versiontype, tableid, name, displayname, description, help, isactive, sqldatetype, pkey, identitied, incrementstep, incrementseed, nullable, precise, columnlength, defaultvalue, columnsequence, modifytime, createtime, modifier, creator, resid, groupid, columntype, forlocale, tenantid, ts, dr) VALUES ('org@@@org_code', 0, 'org', 'org_code', '编码', null, null, 'Y', 'varchar', 'N', null, null, null, 'N', 0, 200, null, 1, null, null, null, null, null, null, 0, 'N', null, '2016-12-15 09:49:04', 0);
INSERT INTO md_column (id, versiontype, tableid, name, displayname, description, help, isactive, sqldatetype, pkey, identitied, incrementstep, incrementseed, nullable, precise, columnlength, defaultvalue, columnsequence, modifytime, createtime, modifier, creator, resid, groupid, columntype, forlocale, tenantid, ts, dr) VALUES ('org@@@org_name', 0, 'org', 'org_name', '名称', null, null, 'Y', 'varchar', 'N', null, null, null, 'N', 0, 200, null, 2, null, null, null, null, null, null, 0, 'N', null, '2016-12-15 09:49:04', 0);
INSERT INTO md_column (id, versiontype, tableid, name, displayname, description, help, isactive, sqldatetype, pkey, identitied, incrementstep, incrementseed, nullable, precise, columnlength, defaultvalue, columnsequence, modifytime, createtime, modifier, creator, resid, groupid, columntype, forlocale, tenantid, ts, dr) VALUES ('org@@@short_name', 0, 'org', 'short_name', '简称', null, null, 'Y', 'varchar', 'N', null, null, null, 'Y', 0, 50, null, 3, null, null, null, null, null, null, 0, 'N', null, '2016-12-15 09:49:04', 0);
INSERT INTO md_column (id, versiontype, tableid, name, displayname, description, help, isactive, sqldatetype, pkey, identitied, incrementstep, incrementseed, nullable, precise, columnlength, defaultvalue, columnsequence, modifytime, createtime, modifier, creator, resid, groupid, columntype, forlocale, tenantid, ts, dr) VALUES ('org@@@org_type', 0, 'org', 'org_type', '类型', null, null, 'Y', 'varchar', 'N', null, null, null, 'Y', 0, 10, null, 4, null, null, null, null, null, null, 0, 'N', null, '2016-12-15 09:49:04', 0);
INSERT INTO md_column (id, versiontype, tableid, name, displayname, description, help, isactive, sqldatetype, pkey, identitied, incrementstep, incrementseed, nullable, precise, columnlength, defaultvalue, columnsequence, modifytime, createtime, modifier, creator, resid, groupid, columntype, forlocale, tenantid, ts, dr) VALUES ('org@@@email', 0, 'org', 'email', '邮箱', null, null, 'Y', 'varchar', 'N', null, null, null, 'Y', 0, 50, null, 5, null, null, null, null, null, null, 0, 'N', null, '2016-12-15 09:49:04', 0);
INSERT INTO md_column (id, versiontype, tableid, name, displayname, description, help, isactive, sqldatetype, pkey, identitied, incrementstep, incrementseed, nullable, precise, columnlength, defaultvalue, columnsequence, modifytime, createtime, modifier, creator, resid, groupid, columntype, forlocale, tenantid, ts, dr) VALUES ('org@@@parent_id', 0, 'org', 'parent_id', '上级ID', null, null, 'Y', 'varchar', 'N', null, null, null, 'Y', 0, 36, '*~', 6, null, null, null, null, null, null, 0, 'N', null, '2016-12-15 09:49:04', 0);
INSERT INTO md_column (id, versiontype, tableid, name, displayname, description, help, isactive, sqldatetype, pkey, identitied, incrementstep, incrementseed, nullable, precise, columnlength, defaultvalue, columnsequence, modifytime, createtime, modifier, creator, resid, groupid, columntype, forlocale, tenantid, ts, dr) VALUES ('org@@@creator', 0, 'org', 'creator', '创建人', null, null, 'Y', 'varchar', 'N', null, null, null, 'Y', 0, 20, null, 7, null, null, null, null, null, null, 0, 'N', null, '2016-12-15 09:49:04', 0);
INSERT INTO md_column (id, versiontype, tableid, name, displayname, description, help, isactive, sqldatetype, pkey, identitied, incrementstep, incrementseed, nullable, precise, columnlength, defaultvalue, columnsequence, modifytime, createtime, modifier, creator, resid, groupid, columntype, forlocale, tenantid, ts, dr) VALUES ('org@@@creationtime', 0, 'org', 'creationtime', '创建时间', null, null, 'Y', 'datetime', 'N', null, null, null, 'Y', 0, 0, null, 8, null, null, null, null, null, null, 0, 'N', null, '2016-12-15 09:49:04', 0);
INSERT INTO md_column (id, versiontype, tableid, name, displayname, description, help, isactive, sqldatetype, pkey, identitied, incrementstep, incrementseed, nullable, precise, columnlength, defaultvalue, columnsequence, modifytime, createtime, modifier, creator, resid, groupid, columntype, forlocale, tenantid, ts, dr) VALUES ('dept@@PK@@', 0, 'dept', 'pk_dept', '部门主键', null, null, 'Y', 'char', 'Y', null, null, null, 'N', 0, 36, null, 0, null, null, null, null, null, null, 0, 'N', null, '2016-12-15 09:49:04', 0);
INSERT INTO md_column (id, versiontype, tableid, name, displayname, description, help, isactive, sqldatetype, pkey, identitied, incrementstep, incrementseed, nullable, precise, columnlength, defaultvalue, columnsequence, modifytime, createtime, modifier, creator, resid, groupid, columntype, forlocale, tenantid, ts, dr) VALUES ('dept@@@org_id', 0, 'dept', 'org_id', '组织ID', null, null, 'Y', 'varchar', 'N', null, null, null, 'N', 0, 50, null, 1, null, null, null, null, null, null, 0, 'N', null, '2016-12-15 09:49:05', 0);
INSERT INTO md_column (id, versiontype, tableid, name, displayname, description, help, isactive, sqldatetype, pkey, identitied, incrementstep, incrementseed, nullable, precise, columnlength, defaultvalue, columnsequence, modifytime, createtime, modifier, creator, resid, groupid, columntype, forlocale, tenantid, ts, dr) VALUES ('dept@@@dept_code', 0, 'dept', 'dept_code', '编码', null, null, 'Y', 'varchar', 'N', null, null, null, 'N', 0, 40, null, 2, null, null, null, null, null, null, 0, 'N', null, '2016-12-15 09:49:05', 0);
INSERT INTO md_column (id, versiontype, tableid, name, displayname, description, help, isactive, sqldatetype, pkey, identitied, incrementstep, incrementseed, nullable, precise, columnlength, defaultvalue, columnsequence, modifytime, createtime, modifier, creator, resid, groupid, columntype, forlocale, tenantid, ts, dr) VALUES ('dept@@@dept_name', 0, 'dept', 'dept_name', '名称', null, null, 'Y', 'varchar', 'N', null, null, null, 'Y', 0, 50, null, 3, null, null, null, null, null, null, 0, 'N', null, '2016-12-15 09:49:05', 0);
INSERT INTO md_column (id, versiontype, tableid, name, displayname, description, help, isactive, sqldatetype, pkey, identitied, incrementstep, incrementseed, nullable, precise, columnlength, defaultvalue, columnsequence, modifytime, createtime, modifier, creator, resid, groupid, columntype, forlocale, tenantid, ts, dr) VALUES ('dept@@@parent_id', 0, 'dept', 'parent_id', '上级ID', null, null, 'Y', 'varchar', 'N', null, null, null, 'Y', 0, 36, '*~', 4, null, null, null, null, null, null, 0, 'N', null, '2016-12-15 09:49:05', 0);
INSERT INTO md_column (id, versiontype, tableid, name, displayname, description, help, isactive, sqldatetype, pkey, identitied, incrementstep, incrementseed, nullable, precise, columnlength, defaultvalue, columnsequence, modifytime, createtime, modifier, creator, resid, groupid, columntype, forlocale, tenantid, ts, dr) VALUES ('dept@@@dept_type', 0, 'dept', 'dept_type', '部门类型', null, null, 'Y', 'varchar', 'N', null, null, null, 'Y', 0, 20, null, 5, null, null, null, null, null, null, 0, 'N', null, '2016-12-15 09:49:05', 0);
INSERT INTO md_column (id, versiontype, tableid, name, displayname, description, help, isactive, sqldatetype, pkey, identitied, incrementstep, incrementseed, nullable, precise, columnlength, defaultvalue, columnsequence, modifytime, createtime, modifier, creator, resid, groupid, columntype, forlocale, tenantid, ts, dr) VALUES ('dept@@@createdate', 0, 'dept', 'createdate', '部门成立时间', null, null, 'Y', 'datetime', 'N', null, null, null, 'Y', 0, 0, null, 6, null, null, null, null, null, null, 0, 'N', null, '2016-12-15 09:49:05', 0);
INSERT INTO md_column (id, versiontype, tableid, name, displayname, description, help, isactive, sqldatetype, pkey, identitied, incrementstep, incrementseed, nullable, precise, columnlength, defaultvalue, columnsequence, modifytime, createtime, modifier, creator, resid, groupid, columntype, forlocale, tenantid, ts, dr) VALUES ('dept@@@short_name', 0, 'dept', 'short_name', '简称', null, null, 'Y', 'varchar', 'N', null, null, null, 'Y', 0, 50, null, 7, null, null, null, null, null, null, 0, 'N', null, '2016-12-15 09:49:05', 0);
INSERT INTO md_column (id, versiontype, tableid, name, displayname, description, help, isactive, sqldatetype, pkey, identitied, incrementstep, incrementseed, nullable, precise, columnlength, defaultvalue, columnsequence, modifytime, createtime, modifier, creator, resid, groupid, columntype, forlocale, tenantid, ts, dr) VALUES ('dept@@@creator', 0, 'dept', 'creator', '创建人', null, null, 'Y', 'varchar', 'N', null, null, null, 'Y', 0, 20, null, 8, null, null, null, null, null, null, 0, 'N', null, '2016-12-15 09:49:05', 0);
INSERT INTO md_column (id, versiontype, tableid, name, displayname, description, help, isactive, sqldatetype, pkey, identitied, incrementstep, incrementseed, nullable, precise, columnlength, defaultvalue, columnsequence, modifytime, createtime, modifier, creator, resid, groupid, columntype, forlocale, tenantid, ts, dr) VALUES ('dept@@@creationtime', 0, 'dept', 'creationtime', '创建时间', null, null, 'Y', 'datetime', 'N', null, null, null, 'Y', 0, 0, null, 9, null, null, null, null, null, null, 0, 'N', null, '2016-12-15 09:49:05', 0);
INSERT INTO md_column (id, versiontype, tableid, name, displayname, description, help, isactive, sqldatetype, pkey, identitied, incrementstep, incrementseed, nullable, precise, columnlength, defaultvalue, columnsequence, modifytime, createtime, modifier, creator, resid, groupid, columntype, forlocale, tenantid, ts, dr) VALUES ('dept@@@deptcanceldate', 0, 'dept', 'deptcanceldate', '部门撤销日期', null, null, 'Y', 'datetime', 'N', null, null, null, 'Y', 0, 0, null, 10, null, null, null, null, null, null, 0, 'N', null, '2016-12-15 09:49:05', 0);
INSERT INTO md_column (id, versiontype, tableid, name, displayname, description, help, isactive, sqldatetype, pkey, identitied, incrementstep, incrementseed, nullable, precise, columnlength, defaultvalue, columnsequence, modifytime, createtime, modifier, creator, resid, groupid, columntype, forlocale, tenantid, ts, dr) VALUES ('sys_user@@PK@@', 0, 'sys_user', 'id', '主键', null, null, 'Y', 'char', 'Y', null, null, null, 'N', 0, 36, null, 0, null, null, null, null, null, null, 0, 'N', null, '2016-12-15 09:49:06', 0);
INSERT INTO md_column (id, versiontype, tableid, name, displayname, description, help, isactive, sqldatetype, pkey, identitied, incrementstep, incrementseed, nullable, precise, columnlength, defaultvalue, columnsequence, modifytime, createtime, modifier, creator, resid, groupid, columntype, forlocale, tenantid, ts, dr) VALUES ('sys_user@@@org_id', 0, 'sys_user', 'org_id', '所属组织ID', null, null, 'Y', 'char', 'N', null, null, null, 'N', 0, 36, null, 1, null, null, null, null, null, null, 0, 'N', null, '2016-12-15 09:49:06', 0);
INSERT INTO md_column (id, versiontype, tableid, name, displayname, description, help, isactive, sqldatetype, pkey, identitied, incrementstep, incrementseed, nullable, precise, columnlength, defaultvalue, columnsequence, modifytime, createtime, modifier, creator, resid, groupid, columntype, forlocale, tenantid, ts, dr) VALUES ('sys_user@@@org_name', 0, 'sys_user', 'org_name', '所属组织名称', null, null, 'Y', 'varchar', 'N', null, null, null, 'Y', 0, 64, null, 2, null, null, null, null, null, null, 0, 'N', null, '2016-12-15 09:49:06', 0);
INSERT INTO md_column (id, versiontype, tableid, name, displayname, description, help, isactive, sqldatetype, pkey, identitied, incrementstep, incrementseed, nullable, precise, columnlength, defaultvalue, columnsequence, modifytime, createtime, modifier, creator, resid, groupid, columntype, forlocale, tenantid, ts, dr) VALUES ('sys_user@@@login_name', 0, 'sys_user', 'login_name', '登录名称', null, null, 'Y', 'varchar', 'N', null, null, null, 'Y', 0, 64, null, 3, null, null, null, null, null, null, 0, 'N', null, '2016-12-15 09:49:06', 0);
INSERT INTO md_column (id, versiontype, tableid, name, displayname, description, help, isactive, sqldatetype, pkey, identitied, incrementstep, incrementseed, nullable, precise, columnlength, defaultvalue, columnsequence, modifytime, createtime, modifier, creator, resid, groupid, columntype, forlocale, tenantid, ts, dr) VALUES ('sys_user@@@user_name', 0, 'sys_user', 'user_name', '用户名称', null, null, 'Y', 'varchar', 'N', null, null, null, 'Y', 0, 20, null, 4, null, null, null, null, null, null, 0, 'N', null, '2016-12-15 09:49:06', 0);
INSERT INTO md_column (id, versiontype, tableid, name, displayname, description, help, isactive, sqldatetype, pkey, identitied, incrementstep, incrementseed, nullable, precise, columnlength, defaultvalue, columnsequence, modifytime, createtime, modifier, creator, resid, groupid, columntype, forlocale, tenantid, ts, dr) VALUES ('sys_user@@@user_code', 0, 'sys_user', 'user_code', '用户编码', null, null, 'Y', 'varchar', 'N', null, null, null, 'Y', 0, 32, null, 5, null, null, null, null, null, null, 0, 'N', null, '2016-12-15 09:49:06', 0);
INSERT INTO md_column (id, versiontype, tableid, name, displayname, description, help, isactive, sqldatetype, pkey, identitied, incrementstep, incrementseed, nullable, precise, columnlength, defaultvalue, columnsequence, modifytime, createtime, modifier, creator, resid, groupid, columntype, forlocale, tenantid, ts, dr) VALUES ('sys_user@@@sex_id', 0, 'sys_user', 'sex_id', '性别ID', null, null, 'Y', 'varchar', 'N', null, null, null, 'Y', 0, 50, null, 6, null, null, null, null, null, null, 0, 'N', null, '2016-12-15 09:49:06', 0);
INSERT INTO md_column (id, versiontype, tableid, name, displayname, description, help, isactive, sqldatetype, pkey, identitied, incrementstep, incrementseed, nullable, precise, columnlength, defaultvalue, columnsequence, modifytime, createtime, modifier, creator, resid, groupid, columntype, forlocale, tenantid, ts, dr) VALUES ('sys_user@@@user_password', 0, 'sys_user', 'user_password', '登录密码', null, null, 'Y', 'varchar', 'N', null, null, null, 'Y', 0, 64, null, 7, null, null, null, null, null, null, 0, 'N', null, '2016-12-15 09:49:06', 0);
INSERT INTO md_column (id, versiontype, tableid, name, displayname, description, help, isactive, sqldatetype, pkey, identitied, incrementstep, incrementseed, nullable, precise, columnlength, defaultvalue, columnsequence, modifytime, createtime, modifier, creator, resid, groupid, columntype, forlocale, tenantid, ts, dr) VALUES ('sys_user@@@user_email', 0, 'sys_user', 'user_email', '用户邮件', null, null, 'Y', 'varchar', 'N', null, null, null, 'Y', 0, 64, null, 8, null, null, null, null, null, null, 0, 'N', null, '2016-12-15 09:49:06', 0);
INSERT INTO md_column (id, versiontype, tableid, name, displayname, description, help, isactive, sqldatetype, pkey, identitied, incrementstep, incrementseed, nullable, precise, columnlength, defaultvalue, columnsequence, modifytime, createtime, modifier, creator, resid, groupid, columntype, forlocale, tenantid, ts, dr) VALUES ('sys_user@@@user_mobile', 0, 'sys_user', 'user_mobile', '用户手机号', null, null, 'Y', 'varchar', 'N', null, null, null, 'Y', 0, 16, null, 9, null, null, null, null, null, null, 0, 'N', null, '2016-12-15 09:49:06', 0);
INSERT INTO md_column (id, versiontype, tableid, name, displayname, description, help, isactive, sqldatetype, pkey, identitied, incrementstep, incrementseed, nullable, precise, columnlength, defaultvalue, columnsequence, modifytime, createtime, modifier, creator, resid, groupid, columntype, forlocale, tenantid, ts, dr) VALUES ('sys_user@@@certificate_id', 0, 'sys_user', 'certificate_id', '证件类型ID', null, null, 'Y', 'varchar', 'N', null, null, null, 'Y', 0, 1, null, 10, null, null, null, null, null, null, 0, 'N', null, '2016-12-15 09:49:06', 0);
INSERT INTO md_column (id, versiontype, tableid, name, displayname, description, help, isactive, sqldatetype, pkey, identitied, incrementstep, incrementseed, nullable, precise, columnlength, defaultvalue, columnsequence, modifytime, createtime, modifier, creator, resid, groupid, columntype, forlocale, tenantid, ts, dr) VALUES ('sys_user@@@certificate_name', 0, 'sys_user', 'certificate_name', '证件类型名称', null, null, 'Y', 'varchar', 'N', null, null, null, 'Y', 0, 16, null, 11, null, null, null, null, null, null, 0, 'N', null, '2016-12-15 09:49:06', 0);
INSERT INTO md_column (id, versiontype, tableid, name, displayname, description, help, isactive, sqldatetype, pkey, identitied, incrementstep, incrementseed, nullable, precise, columnlength, defaultvalue, columnsequence, modifytime, createtime, modifier, creator, resid, groupid, columntype, forlocale, tenantid, ts, dr) VALUES ('sys_user@@@certificate_code', 0, 'sys_user', 'certificate_code', '证件号码', null, null, 'Y', 'varchar', 'N', null, null, null, 'Y', 0, 32, null, 12, null, null, null, null, null, null, 0, 'N', null, '2016-12-15 09:49:06', 0);
INSERT INTO md_column (id, versiontype, tableid, name, displayname, description, help, isactive, sqldatetype, pkey, identitied, incrementstep, incrementseed, nullable, precise, columnlength, defaultvalue, columnsequence, modifytime, createtime, modifier, creator, resid, groupid, columntype, forlocale, tenantid, ts, dr) VALUES ('sys_user@@@birthdate', 0, 'sys_user', 'birthdate', '出生日期', null, null, 'Y', 'datetime', 'N', null, null, null, 'Y', 0, 0, null, 13, null, null, null, null, null, null, 0, 'N', null, '2016-12-15 09:49:06', 0);
INSERT INTO md_column (id, versiontype, tableid, name, displayname, description, help, isactive, sqldatetype, pkey, identitied, incrementstep, incrementseed, nullable, precise, columnlength, defaultvalue, columnsequence, modifytime, createtime, modifier, creator, resid, groupid, columntype, forlocale, tenantid, ts, dr) VALUES ('sys_user@@@register_date', 0, 'sys_user', 'register_date', '系统注册日期', null, null, 'Y', 'datetime', 'N', null, null, null, 'Y', 0, 0, null, 14, null, null, null, null, null, null, 0, 'N', null, '2016-12-15 09:49:06', 0);
INSERT INTO md_column (id, versiontype, tableid, name, displayname, description, help, isactive, sqldatetype, pkey, identitied, incrementstep, incrementseed, nullable, precise, columnlength, defaultvalue, columnsequence, modifytime, createtime, modifier, creator, resid, groupid, columntype, forlocale, tenantid, ts, dr) VALUES ('sys_user@@@platform_id', 0, 'sys_user', 'platform_id', '所属平台ID', null, null, 'Y', 'varchar', 'N', null, null, null, 'Y', 0, 1, null, 15, null, null, null, null, null, null, 0, 'N', null, '2016-12-15 09:49:06', 0);
INSERT INTO md_column (id, versiontype, tableid, name, displayname, description, help, isactive, sqldatetype, pkey, identitied, incrementstep, incrementseed, nullable, precise, columnlength, defaultvalue, columnsequence, modifytime, createtime, modifier, creator, resid, groupid, columntype, forlocale, tenantid, ts, dr) VALUES ('sys_user@@@platform_name', 0, 'sys_user', 'platform_name', '所属平台名称', null, null, 'Y', 'varchar', 'N', null, null, null, 'Y', 0, 16, null, 16, null, null, null, null, null, null, 0, 'N', null, '2016-12-15 09:49:06', 0);
INSERT INTO md_column (id, versiontype, tableid, name, displayname, description, help, isactive, sqldatetype, pkey, identitied, incrementstep, incrementseed, nullable, precise, columnlength, defaultvalue, columnsequence, modifytime, createtime, modifier, creator, resid, groupid, columntype, forlocale, tenantid, ts, dr) VALUES ('sys_user@@@level_id', 0, 'sys_user', 'level_id', '用户级别ID', null, null, 'Y', 'varchar', 'N', null, null, null, 'Y', 0, 1, null, 17, null, null, null, null, null, null, 0, 'N', null, '2016-12-15 09:49:06', 0);
INSERT INTO md_column (id, versiontype, tableid, name, displayname, description, help, isactive, sqldatetype, pkey, identitied, incrementstep, incrementseed, nullable, precise, columnlength, defaultvalue, columnsequence, modifytime, createtime, modifier, creator, resid, groupid, columntype, forlocale, tenantid, ts, dr) VALUES ('sys_user@@@level_name', 0, 'sys_user', 'level_name', '用户级别名称', null, null, 'Y', 'varchar', 'N', null, null, null, 'Y', 0, 16, null, 18, null, null, null, null, null, null, 0, 'N', null, '2016-12-15 09:49:06', 0);
INSERT INTO md_column (id, versiontype, tableid, name, displayname, description, help, isactive, sqldatetype, pkey, identitied, incrementstep, incrementseed, nullable, precise, columnlength, defaultvalue, columnsequence, modifytime, createtime, modifier, creator, resid, groupid, columntype, forlocale, tenantid, ts, dr) VALUES ('sys_user@@@image_url', 0, 'sys_user', 'image_url', '电子印章图片地址或头像', null, null, 'Y', 'varchar', 'N', null, null, null, 'Y', 0, 64, null, 19, null, null, null, null, null, null, 0, 'N', null, '2016-12-15 09:49:06', 0);
INSERT INTO md_column (id, versiontype, tableid, name, displayname, description, help, isactive, sqldatetype, pkey, identitied, incrementstep, incrementseed, nullable, precise, columnlength, defaultvalue, columnsequence, modifytime, createtime, modifier, creator, resid, groupid, columntype, forlocale, tenantid, ts, dr) VALUES ('sys_user@@@status_id', 0, 'sys_user', 'status_id', '状态ID', null, null, 'Y', 'varchar', 'N', null, null, null, 'Y', 0, 1, null, 20, null, null, null, null, null, null, 0, 'N', null, '2016-12-15 09:49:06', 0);
INSERT INTO md_column (id, versiontype, tableid, name, displayname, description, help, isactive, sqldatetype, pkey, identitied, incrementstep, incrementseed, nullable, precise, columnlength, defaultvalue, columnsequence, modifytime, createtime, modifier, creator, resid, groupid, columntype, forlocale, tenantid, ts, dr) VALUES ('sys_user@@@status_name', 0, 'sys_user', 'status_name', '状态姓名', null, null, 'Y', 'varchar', 'N', null, null, null, 'Y', 0, 16, null, 21, null, null, null, null, null, null, 0, 'N', null, '2016-12-15 09:49:06', 0);
INSERT INTO md_column (id, versiontype, tableid, name, displayname, description, help, isactive, sqldatetype, pkey, identitied, incrementstep, incrementseed, nullable, precise, columnlength, defaultvalue, columnsequence, modifytime, createtime, modifier, creator, resid, groupid, columntype, forlocale, tenantid, ts, dr) VALUES ('sys_user@@@remark', 0, 'sys_user', 'remark', '备注', null, null, 'Y', 'varchar', 'N', null, null, null, 'Y', 0, 512, null, 22, null, null, null, null, null, null, 0, 'N', null, '2016-12-15 09:49:06', 0);
INSERT INTO md_column (id, versiontype, tableid, name, displayname, description, help, isactive, sqldatetype, pkey, identitied, incrementstep, incrementseed, nullable, precise, columnlength, defaultvalue, columnsequence, modifytime, createtime, modifier, creator, resid, groupid, columntype, forlocale, tenantid, ts, dr) VALUES ('sys_user@@@creator_id', 0, 'sys_user', 'creator_id', '创建人ID', null, null, 'Y', 'varchar', 'N', null, null, null, 'Y', 0, 40, null, 23, null, null, null, null, null, null, 0, 'N', null, '2016-12-15 09:49:06', 0);
INSERT INTO md_column (id, versiontype, tableid, name, displayname, description, help, isactive, sqldatetype, pkey, identitied, incrementstep, incrementseed, nullable, precise, columnlength, defaultvalue, columnsequence, modifytime, createtime, modifier, creator, resid, groupid, columntype, forlocale, tenantid, ts, dr) VALUES ('sys_user@@@creator', 0, 'sys_user', 'creator', '创建人', null, null, 'Y', 'varchar', 'N', null, null, null, 'Y', 0, 20, null, 24, null, null, null, null, null, null, 0, 'N', null, '2016-12-15 09:49:06', 0);
INSERT INTO md_column (id, versiontype, tableid, name, displayname, description, help, isactive, sqldatetype, pkey, identitied, incrementstep, incrementseed, nullable, precise, columnlength, defaultvalue, columnsequence, modifytime, createtime, modifier, creator, resid, groupid, columntype, forlocale, tenantid, ts, dr) VALUES ('sys_user@@@create_time', 0, 'sys_user', 'create_time', '创建时间', null, null, 'Y', 'datetime', 'N', null, null, null, 'Y', 0, 0, null, 25, null, null, null, null, null, null, 0, 'N', null, '2016-12-15 09:49:06', 0);
INSERT INTO md_column (id, versiontype, tableid, name, displayname, description, help, isactive, sqldatetype, pkey, identitied, incrementstep, incrementseed, nullable, precise, columnlength, defaultvalue, columnsequence, modifytime, createtime, modifier, creator, resid, groupid, columntype, forlocale, tenantid, ts, dr) VALUES ('sys_user@@@modifier_id', 0, 'sys_user', 'modifier_id', '修改人ID', null, null, 'Y', 'varchar', 'N', null, null, null, 'Y', 0, 40, null, 26, null, null, null, null, null, null, 0, 'N', null, '2016-12-15 09:49:06', 0);
INSERT INTO md_column (id, versiontype, tableid, name, displayname, description, help, isactive, sqldatetype, pkey, identitied, incrementstep, incrementseed, nullable, precise, columnlength, defaultvalue, columnsequence, modifytime, createtime, modifier, creator, resid, groupid, columntype, forlocale, tenantid, ts, dr) VALUES ('sys_user@@@modifier', 0, 'sys_user', 'modifier', '修改人', null, null, 'Y', 'varchar', 'N', null, null, null, 'Y', 0, 20, null, 27, null, null, null, null, null, null, 0, 'N', null, '2016-12-15 09:49:06', 0);
INSERT INTO md_column (id, versiontype, tableid, name, displayname, description, help, isactive, sqldatetype, pkey, identitied, incrementstep, incrementseed, nullable, precise, columnlength, defaultvalue, columnsequence, modifytime, createtime, modifier, creator, resid, groupid, columntype, forlocale, tenantid, ts, dr) VALUES ('sys_user@@@modify_time', 0, 'sys_user', 'modify_time', '修改时间', null, null, 'Y', 'datetime', 'N', null, null, null, 'Y', 0, 0, null, 28, null, null, null, null, null, null, 0, 'N', null, '2016-12-15 09:49:06', 0);
INSERT INTO md_column (id, versiontype, tableid, name, displayname, description, help, isactive, sqldatetype, pkey, identitied, incrementstep, incrementseed, nullable, precise, columnlength, defaultvalue, columnsequence, modifytime, createtime, modifier, creator, resid, groupid, columntype, forlocale, tenantid, ts, dr) VALUES ('sys_user_job@@PK@@', 0, 'sys_user_job', 'id', '主键', null, null, 'Y', 'char', 'Y', null, null, null, 'N', 0, 36, null, 0, null, null, null, null, null, null, 0, 'N', null, '2016-12-15 09:49:06', 0);
INSERT INTO md_column (id, versiontype, tableid, name, displayname, description, help, isactive, sqldatetype, pkey, identitied, incrementstep, incrementseed, nullable, precise, columnlength, defaultvalue, columnsequence, modifytime, createtime, modifier, creator, resid, groupid, columntype, forlocale, tenantid, ts, dr) VALUES ('sys_user_job@@@org_id', 0, 'sys_user_job', 'org_id', '组织ID', null, null, 'Y', 'char', 'N', null, null, null, 'N', 0, 36, null, 1, null, null, null, null, null, null, 0, 'N', null, '2016-12-15 09:49:06', 0);
INSERT INTO md_column (id, versiontype, tableid, name, displayname, description, help, isactive, sqldatetype, pkey, identitied, incrementstep, incrementseed, nullable, precise, columnlength, defaultvalue, columnsequence, modifytime, createtime, modifier, creator, resid, groupid, columntype, forlocale, tenantid, ts, dr) VALUES ('sys_user_job@@@dept_id', 0, 'sys_user_job', 'dept_id', '部门ID', null, null, 'Y', 'char', 'N', null, null, null, 'N', 0, 36, null, 2, null, null, null, null, null, null, 0, 'N', null, '2016-12-15 09:49:06', 0);
INSERT INTO md_column (id, versiontype, tableid, name, displayname, description, help, isactive, sqldatetype, pkey, identitied, incrementstep, incrementseed, nullable, precise, columnlength, defaultvalue, columnsequence, modifytime, createtime, modifier, creator, resid, groupid, columntype, forlocale, tenantid, ts, dr) VALUES ('sys_user_job@@@user_id', 0, 'sys_user_job', 'user_id', '用户ID', null, null, 'Y', 'varchar', 'N', null, null, null, 'N', 0, 40, null, 3, null, null, null, null, null, null, 0, 'N', null, '2016-12-15 09:49:06', 0);
INSERT INTO md_column (id, versiontype, tableid, name, displayname, description, help, isactive, sqldatetype, pkey, identitied, incrementstep, incrementseed, nullable, precise, columnlength, defaultvalue, columnsequence, modifytime, createtime, modifier, creator, resid, groupid, columntype, forlocale, tenantid, ts, dr) VALUES ('sys_user_job@@@user_name', 0, 'sys_user_job', 'user_name', '用户名称', null, null, 'Y', 'varchar', 'N', null, null, null, 'N', 0, 24, null, 4, null, null, null, null, null, null, 0, 'N', null, '2016-12-15 09:49:06', 0);
INSERT INTO md_column (id, versiontype, tableid, name, displayname, description, help, isactive, sqldatetype, pkey, identitied, incrementstep, incrementseed, nullable, precise, columnlength, defaultvalue, columnsequence, modifytime, createtime, modifier, creator, resid, groupid, columntype, forlocale, tenantid, ts, dr) VALUES ('sys_user_job@@@is_active', 0, 'sys_user_job', 'is_active', '启用状态', null, null, 'Y', 'varchar', 'N', null, null, null, 'Y', 0, 50, null, 5, null, null, null, null, null, null, 0, 'N', null, '2016-12-15 09:49:06', 0);
INSERT INTO md_column (id, versiontype, tableid, name, displayname, description, help, isactive, sqldatetype, pkey, identitied, incrementstep, incrementseed, nullable, precise, columnlength, defaultvalue, columnsequence, modifytime, createtime, modifier, creator, resid, groupid, columntype, forlocale, tenantid, ts, dr) VALUES ('sys_user_job@@@is_default', 0, 'sys_user_job', 'is_default', '是否默认职责', null, null, 'Y', 'varchar', 'N', null, null, null, 'N', 0, 50, null, 6, null, null, null, null, null, null, 0, 'N', null, '2016-12-15 09:49:06', 0);
INSERT INTO md_column (id, versiontype, tableid, name, displayname, description, help, isactive, sqldatetype, pkey, identitied, incrementstep, incrementseed, nullable, precise, columnlength, defaultvalue, columnsequence, modifytime, createtime, modifier, creator, resid, groupid, columntype, forlocale, tenantid, ts, dr) VALUES ('sys_user_job@@@user_job_note', 0, 'sys_user_job', 'user_job_note', '说明', null, null, 'Y', 'varchar', 'N', null, null, null, 'Y', 0, 256, null, 7, null, null, null, null, null, null, 0, 'N', null, '2016-12-15 09:49:06', 0);
INSERT INTO md_column (id, versiontype, tableid, name, displayname, description, help, isactive, sqldatetype, pkey, identitied, incrementstep, incrementseed, nullable, precise, columnlength, defaultvalue, columnsequence, modifytime, createtime, modifier, creator, resid, groupid, columntype, forlocale, tenantid, ts, dr) VALUES ('sys_user_job@@@creator_id', 0, 'sys_user_job', 'creator_id', '创建人ID', null, null, 'Y', 'varchar', 'N', null, null, null, 'N', 0, 40, null, 8, null, null, null, null, null, null, 0, 'N', null, '2016-12-15 09:49:06', 0);
INSERT INTO md_column (id, versiontype, tableid, name, displayname, description, help, isactive, sqldatetype, pkey, identitied, incrementstep, incrementseed, nullable, precise, columnlength, defaultvalue, columnsequence, modifytime, createtime, modifier, creator, resid, groupid, columntype, forlocale, tenantid, ts, dr) VALUES ('sys_user_job@@@creator', 0, 'sys_user_job', 'creator', '创建人', null, null, 'Y', 'varchar', 'N', null, null, null, 'N', 0, 20, null, 9, null, null, null, null, null, null, 0, 'N', null, '2016-12-15 09:49:06', 0);
INSERT INTO md_column (id, versiontype, tableid, name, displayname, description, help, isactive, sqldatetype, pkey, identitied, incrementstep, incrementseed, nullable, precise, columnlength, defaultvalue, columnsequence, modifytime, createtime, modifier, creator, resid, groupid, columntype, forlocale, tenantid, ts, dr) VALUES ('sys_user_job@@@create_time', 0, 'sys_user_job', 'create_time', '创建时间', null, null, 'Y', 'datetime', 'N', null, null, null, 'N', 0, 0, null, 10, null, null, null, null, null, null, 0, 'N', null, '2016-12-15 09:49:06', 0);
INSERT INTO md_column (id, versiontype, tableid, name, displayname, description, help, isactive, sqldatetype, pkey, identitied, incrementstep, incrementseed, nullable, precise, columnlength, defaultvalue, columnsequence, modifytime, createtime, modifier, creator, resid, groupid, columntype, forlocale, tenantid, ts, dr) VALUES ('sys_user_job@@@modifier_id', 0, 'sys_user_job', 'modifier_id', '修改人ID', null, null, 'Y', 'varchar', 'N', null, null, null, 'Y', 0, 40, null, 11, null, null, null, null, null, null, 0, 'N', null, '2016-12-15 09:49:06', 0);
INSERT INTO md_column (id, versiontype, tableid, name, displayname, description, help, isactive, sqldatetype, pkey, identitied, incrementstep, incrementseed, nullable, precise, columnlength, defaultvalue, columnsequence, modifytime, createtime, modifier, creator, resid, groupid, columntype, forlocale, tenantid, ts, dr) VALUES ('sys_user_job@@@modifier', 0, 'sys_user_job', 'modifier', '修改人', null, null, 'Y', 'varchar', 'N', null, null, null, 'Y', 0, 20, null, 12, null, null, null, null, null, null, 0, 'N', null, '2016-12-15 09:49:06', 0);
INSERT INTO md_column (id, versiontype, tableid, name, displayname, description, help, isactive, sqldatetype, pkey, identitied, incrementstep, incrementseed, nullable, precise, columnlength, defaultvalue, columnsequence, modifytime, createtime, modifier, creator, resid, groupid, columntype, forlocale, tenantid, ts, dr) VALUES ('sys_user_job@@@modify_time', 0, 'sys_user_job', 'modify_time', '修改时间', null, null, 'Y', 'datetime', 'N', null, null, null, 'Y', 0, 0, null, 13, null, null, null, null, null, null, 0, 'N', null, '2016-12-15 09:49:06', 0);
INSERT INTO md_column (id, versiontype, tableid, name, displayname, description, help, isactive, sqldatetype, pkey, identitied, incrementstep, incrementseed, nullable, precise, columnlength, defaultvalue, columnsequence, modifytime, createtime, modifier, creator, resid, groupid, columntype, forlocale, tenantid, ts, dr) VALUES ('sys_user_job@@@fk_id_sys_user_job', 0, 'sys_user_job', 'fk_id_sys_user_job', '用户管理表_主键', null, null, 'Y', 'char', 'N', null, null, null, 'N', 0, 36, null, null, null, null, null, null, '2UC000-000003', null, 0, 'N', null, '2016-12-15 09:49:06', 0);
INSERT INTO md_column (id, versiontype, tableid, name, displayname, description, help, isactive, sqldatetype, pkey, identitied, incrementstep, incrementseed, nullable, precise, columnlength, defaultvalue, columnsequence, modifytime, createtime, modifier, creator, resid, groupid, columntype, forlocale, tenantid, ts, dr) VALUES ('bd_countryzone@@PK@@', 0, 'bd_countryzone', 'pk_country', '主键', null, null, 'Y', 'char', 'Y', null, null, null, 'N', 0, 36, null, 0, null, null, null, null, null, null, 0, 'N', null, '2016-12-15 09:49:19', 0);
INSERT INTO md_column (id, versiontype, tableid, name, displayname, description, help, isactive, sqldatetype, pkey, identitied, incrementstep, incrementseed, nullable, precise, columnlength, defaultvalue, columnsequence, modifytime, createtime, modifier, creator, resid, groupid, columntype, forlocale, tenantid, ts, dr) VALUES ('bd_countryzone@@@code', 0, 'bd_countryzone', 'code', '编码', null, null, 'Y', 'varchar', 'N', null, null, null, 'Y', 0, 40, null, 1, null, null, null, null, null, null, 0, 'N', null, '2016-12-15 09:49:19', 0);
INSERT INTO md_column (id, versiontype, tableid, name, displayname, description, help, isactive, sqldatetype, pkey, identitied, incrementstep, incrementseed, nullable, precise, columnlength, defaultvalue, columnsequence, modifytime, createtime, modifier, creator, resid, groupid, columntype, forlocale, tenantid, ts, dr) VALUES ('bd_countryzone@@@name', 0, 'bd_countryzone', 'name', '名称', null, null, 'Y', 'varchar', 'N', null, null, null, 'Y', 0, 200, null, 2, null, null, null, null, null, null, 0, 'N', null, '2016-12-15 09:49:19', 0);
INSERT INTO md_column (id, versiontype, tableid, name, displayname, description, help, isactive, sqldatetype, pkey, identitied, incrementstep, incrementseed, nullable, precise, columnlength, defaultvalue, columnsequence, modifytime, createtime, modifier, creator, resid, groupid, columntype, forlocale, tenantid, ts, dr) VALUES ('bd_countryzone@@@wholename', 0, 'bd_countryzone', 'wholename', '全称', null, null, 'Y', 'varchar', 'N', null, null, null, 'Y', 0, 200, null, 3, null, null, null, null, null, null, 0, 'N', null, '2016-12-15 09:49:19', 0);
INSERT INTO md_column (id, versiontype, tableid, name, displayname, description, help, isactive, sqldatetype, pkey, identitied, incrementstep, incrementseed, nullable, precise, columnlength, defaultvalue, columnsequence, modifytime, createtime, modifier, creator, resid, groupid, columntype, forlocale, tenantid, ts, dr) VALUES ('bd_countryzone@@@phonecode', 0, 'bd_countryzone', 'phonecode', '电话代码', null, null, 'Y', 'varchar', 'N', null, null, null, 'Y', 0, 20, null, 4, null, null, null, null, null, null, 0, 'N', null, '2016-12-15 09:49:19', 0);
INSERT INTO md_column (id, versiontype, tableid, name, displayname, description, help, isactive, sqldatetype, pkey, identitied, incrementstep, incrementseed, nullable, precise, columnlength, defaultvalue, columnsequence, modifytime, createtime, modifier, creator, resid, groupid, columntype, forlocale, tenantid, ts, dr) VALUES ('bd_countryzone@@@description', 0, 'bd_countryzone', 'description', '描述', null, null, 'Y', 'varchar', 'N', null, null, null, 'Y', 0, 100, null, 5, null, null, null, null, null, null, 0, 'N', null, '2016-12-15 09:49:19', 0);
INSERT INTO md_column (id, versiontype, tableid, name, displayname, description, help, isactive, sqldatetype, pkey, identitied, incrementstep, incrementseed, nullable, precise, columnlength, defaultvalue, columnsequence, modifytime, createtime, modifier, creator, resid, groupid, columntype, forlocale, tenantid, ts, dr) VALUES ('bd_countryzone@@@pk_timezone', 0, 'bd_countryzone', 'pk_timezone', '时区', null, null, 'Y', 'varchar', 'N', null, null, null, 'Y', 0, 20, null, 6, null, null, null, null, null, null, 0, 'N', null, '2016-12-15 09:49:19', 0);
INSERT INTO md_column (id, versiontype, tableid, name, displayname, description, help, isactive, sqldatetype, pkey, identitied, incrementstep, incrementseed, nullable, precise, columnlength, defaultvalue, columnsequence, modifytime, createtime, modifier, creator, resid, groupid, columntype, forlocale, tenantid, ts, dr) VALUES ('bd_countryzone@@@pk_lang', 0, 'bd_countryzone', 'pk_lang', '语种', null, null, 'Y', 'varchar', 'N', null, null, null, 'Y', 0, 50, null, 7, null, null, null, null, null, null, 0, 'N', null, '2016-12-15 09:49:19', 0);
INSERT INTO md_column (id, versiontype, tableid, name, displayname, description, help, isactive, sqldatetype, pkey, identitied, incrementstep, incrementseed, nullable, precise, columnlength, defaultvalue, columnsequence, modifytime, createtime, modifier, creator, resid, groupid, columntype, forlocale, tenantid, ts, dr) VALUES ('bd_countryzone@@@creator', 0, 'bd_countryzone', 'creator', '创建人', null, null, 'Y', 'varchar', 'N', null, null, null, 'Y', 0, 50, null, 8, null, null, null, null, null, null, 0, 'N', null, '2016-12-15 09:49:19', 0);
INSERT INTO md_column (id, versiontype, tableid, name, displayname, description, help, isactive, sqldatetype, pkey, identitied, incrementstep, incrementseed, nullable, precise, columnlength, defaultvalue, columnsequence, modifytime, createtime, modifier, creator, resid, groupid, columntype, forlocale, tenantid, ts, dr) VALUES ('bd_countryzone@@@creationtime', 0, 'bd_countryzone', 'creationtime', '创建时间', null, null, 'Y', 'datetime', 'N', null, null, null, 'Y', 0, 0, null, 9, null, null, null, null, null, null, 0, 'N', null, '2016-12-15 09:49:19', 0);
INSERT INTO md_column (id, versiontype, tableid, name, displayname, description, help, isactive, sqldatetype, pkey, identitied, incrementstep, incrementseed, nullable, precise, columnlength, defaultvalue, columnsequence, modifytime, createtime, modifier, creator, resid, groupid, columntype, forlocale, tenantid, ts, dr) VALUES ('bd_countryzone@@@modifier', 0, 'bd_countryzone', 'modifier', '最后修改人', null, null, 'Y', 'varchar', 'N', null, null, null, 'Y', 0, 50, null, 10, null, null, null, null, null, null, 0, 'N', null, '2016-12-15 09:49:19', 0);
INSERT INTO md_column (id, versiontype, tableid, name, displayname, description, help, isactive, sqldatetype, pkey, identitied, incrementstep, incrementseed, nullable, precise, columnlength, defaultvalue, columnsequence, modifytime, createtime, modifier, creator, resid, groupid, columntype, forlocale, tenantid, ts, dr) VALUES ('bd_countryzone@@@modifiedtime', 0, 'bd_countryzone', 'modifiedtime', '最后修改时间', null, null, 'Y', 'datetime', 'N', null, null, null, 'Y', 0, 0, null, 11, null, null, null, null, null, null, 0, 'N', null, '2016-12-15 09:49:19', 0);
INSERT INTO md_column (id, versiontype, tableid, name, displayname, description, help, isactive, sqldatetype, pkey, identitied, incrementstep, incrementseed, nullable, precise, columnlength, defaultvalue, columnsequence, modifytime, createtime, modifier, creator, resid, groupid, columntype, forlocale, tenantid, ts, dr) VALUES ('instit@@@creationtime', 0, 'instit', 'creationtime', '创建时间', null, null, 'Y', 'datetime', 'N', null, null, null, 'Y', 0, 0, null, 8, null, null, null, null, null, null, 0, 'N', null, '2016-12-15 09:49:12', 0);
INSERT INTO md_column (id, versiontype, tableid, name, displayname, description, help, isactive, sqldatetype, pkey, identitied, incrementstep, incrementseed, nullable, precise, columnlength, defaultvalue, columnsequence, modifytime, createtime, modifier, creator, resid, groupid, columntype, forlocale, tenantid, ts, dr) VALUES ('telbook@@PK@@', 0, 'telbook', 'id', 'id', null, null, 'Y', 'char', 'Y', null, null, null, 'N', 0, 36, null, 0, null, null, null, null, null, null, 0, 'N', null, '2016-12-15 09:49:12', 0);
INSERT INTO md_column (id, versiontype, tableid, name, displayname, description, help, isactive, sqldatetype, pkey, identitied, incrementstep, incrementseed, nullable, precise, columnlength, defaultvalue, columnsequence, modifytime, createtime, modifier, creator, resid, groupid, columntype, forlocale, tenantid, ts, dr) VALUES ('telbook@@@peoname', 0, 'telbook', 'peoname', '名称', null, null, 'Y', 'varchar', 'N', null, null, null, 'N', 0, 50, null, 1, null, null, null, null, null, null, 0, 'N', null, '2016-12-15 09:49:12', 0);
INSERT INTO md_column (id, versiontype, tableid, name, displayname, description, help, isactive, sqldatetype, pkey, identitied, incrementstep, incrementseed, nullable, precise, columnlength, defaultvalue, columnsequence, modifytime, createtime, modifier, creator, resid, groupid, columntype, forlocale, tenantid, ts, dr) VALUES ('telbook@@@peocode', 0, 'telbook', 'peocode', '编码', null, null, 'Y', 'varchar', 'N', null, null, null, 'N', 0, 100, null, 2, null, null, null, null, null, null, 0, 'N', null, '2016-12-15 09:49:12', 0);
INSERT INTO md_column (id, versiontype, tableid, name, displayname, description, help, isactive, sqldatetype, pkey, identitied, incrementstep, incrementseed, nullable, precise, columnlength, defaultvalue, columnsequence, modifytime, createtime, modifier, creator, resid, groupid, columntype, forlocale, tenantid, ts, dr) VALUES ('telbook@@@worktel', 0, 'telbook', 'worktel', '工作电话', null, null, 'Y', 'varchar', 'N', null, null, null, 'Y', 0, 100, null, 3, null, null, null, null, null, null, 0, 'N', null, '2016-12-15 09:49:12', 0);
INSERT INTO md_column (id, versiontype, tableid, name, displayname, description, help, isactive, sqldatetype, pkey, identitied, incrementstep, incrementseed, nullable, precise, columnlength, defaultvalue, columnsequence, modifytime, createtime, modifier, creator, resid, groupid, columntype, forlocale, tenantid, ts, dr) VALUES ('telbook@@@email', 0, 'telbook', 'email', '邮箱', null, null, 'Y', 'varchar', 'N', null, null, null, 'Y', 0, 100, null, 4, null, null, null, null, null, null, 0, 'N', null, '2016-12-15 09:49:12', 0);
INSERT INTO md_column (id, versiontype, tableid, name, displayname, description, help, isactive, sqldatetype, pkey, identitied, incrementstep, incrementseed, nullable, precise, columnlength, defaultvalue, columnsequence, modifytime, createtime, modifier, creator, resid, groupid, columntype, forlocale, tenantid, ts, dr) VALUES ('telbook@@@sex', 0, 'telbook', 'sex', '性别', null, null, 'Y', 'varchar', 'N', null, null, null, 'Y', 0, 50, null, 5, null, null, null, null, null, null, 0, 'N', null, '2016-12-15 09:49:12', 0);
INSERT INTO md_column (id, versiontype, tableid, name, displayname, description, help, isactive, sqldatetype, pkey, identitied, incrementstep, incrementseed, nullable, precise, columnlength, defaultvalue, columnsequence, modifytime, createtime, modifier, creator, resid, groupid, columntype, forlocale, tenantid, ts, dr) VALUES ('telbook@@@tel', 0, 'telbook', 'tel', '电话', null, null, 'Y', 'varchar', 'N', null, null, null, 'Y', 0, 100, null, 6, null, null, null, null, null, null, 0, 'N', null, '2016-12-15 09:49:12', 0);
INSERT INTO md_column (id, versiontype, tableid, name, displayname, description, help, isactive, sqldatetype, pkey, identitied, incrementstep, incrementseed, nullable, precise, columnlength, defaultvalue, columnsequence, modifytime, createtime, modifier, creator, resid, groupid, columntype, forlocale, tenantid, ts, dr) VALUES ('telbook@@@office', 0, 'telbook', 'office', '办公室', null, null, 'Y', 'varchar', 'N', null, null, null, 'Y', 0, 100, null, 7, null, null, null, null, null, null, 0, 'N', null, '2016-12-15 09:49:12', 0);
INSERT INTO md_column (id, versiontype, tableid, name, displayname, description, help, isactive, sqldatetype, pkey, identitied, incrementstep, incrementseed, nullable, precise, columnlength, defaultvalue, columnsequence, modifytime, createtime, modifier, creator, resid, groupid, columntype, forlocale, tenantid, ts, dr) VALUES ('telbook@@@countryzone', 0, 'telbook', 'countryzone', '国家地区', null, null, 'Y', 'varchar', 'N', null, null, null, 'Y', 0, 36, '*~', 8, null, null, null, null, null, null, 0, 'N', null, '2016-12-15 09:49:12', 0);
INSERT INTO md_column (id, versiontype, tableid, name, displayname, description, help, isactive, sqldatetype, pkey, identitied, incrementstep, incrementseed, nullable, precise, columnlength, defaultvalue, columnsequence, modifytime, createtime, modifier, creator, resid, groupid, columntype, forlocale, tenantid, ts, dr) VALUES ('telbook@@@institid', 0, 'telbook', 'institid', '机构_主键', null, null, 'Y', 'char', 'N', null, null, null, 'N', 0, 36, null, null, null, null, null, null, '2UC000-000003', null, 0, 'N', null, '2016-12-15 09:49:12', 0);
INSERT INTO md_component (id, versiontype, namespace, ownmodule, name, displayname, description, help, creator, modifier, createtime, modifytime, version, resmodule, resid, preload, isbizmodel, fromsourcebmf, industry, tenantid, ts, dr) VALUES ('168ffa92-56c5-4c60-a7d8-3cf0b7f4734b', 0, 'metadata', 'metadata', 'sys_dict_type', 'sys_dict_type', null, null, null, null, '2016-12-12 15:28:28', '2016-12-13 10:51:25', '11', 'sys_dict_type', null, null, 'N', 'Y', '0', null, '2016-12-15 09:48:38', 0);
INSERT INTO md_component (id, versiontype, namespace, ownmodule, name, displayname, description, help, creator, modifier, createtime, modifytime, version, resmodule, resid, preload, isbizmodel, fromsourcebmf, industry, tenantid, ts, dr) VALUES ('2ffbee6a-001e-4459-a7ba-8f14e45a41b8', 0, 'metadata', 'metadata', 'cardtable', 'cardtable', null, null, null, null, '2016-12-12 15:03:21', '2016-12-13 14:57:55', '13', 'cardtable', null, null, 'N', 'Y', '0', null, '2016-12-15 09:48:57', 0);
INSERT INTO md_component (id, versiontype, namespace, ownmodule, name, displayname, description, help, creator, modifier, createtime, modifytime, version, resmodule, resid, preload, isbizmodel, fromsourcebmf, industry, tenantid, ts, dr) VALUES ('f7adbc5a-fc68-40bb-a18c-3a7fc4dbd606', 0, 'metadata', 'metadata', 'org', '组织', null, null, null, null, '2016-11-07 13:23:42', '2016-12-14 13:59:18', '28', 'org', null, null, 'N', 'Y', '0', null, '2016-12-15 09:49:03', 0);
INSERT INTO md_component (id, versiontype, namespace, ownmodule, name, displayname, description, help, creator, modifier, createtime, modifytime, version, resmodule, resid, preload, isbizmodel, fromsourcebmf, industry, tenantid, ts, dr) VALUES ('a787718a-39a5-42c3-acf3-f9bf5ce3d8d6', 0, 'metadata', 'metadata', 'dept', '部门', null, null, null, null, '2016-11-16 10:53:19', '2016-12-14 13:58:18', '43', 'dept', null, null, 'N', 'Y', '0', null, '2016-12-15 09:49:04', 0);
INSERT INTO md_component (id, versiontype, namespace, ownmodule, name, displayname, description, help, creator, modifier, createtime, modifytime, version, resmodule, resid, preload, isbizmodel, fromsourcebmf, industry, tenantid, ts, dr) VALUES ('0f1d958f-39a5-41f8-b977-551f360f40a3', 0, 'metadata', 'metadata', 'userManagement', 'userManagement', null, null, null, null, '2016-11-08 09:18:02', '2016-12-14 13:56:23', '78', 'userManagement', null, null, 'N', 'Y', '0', null, '2016-12-15 09:49:05', 0);
INSERT INTO md_component (id, versiontype, namespace, ownmodule, name, displayname, description, help, creator, modifier, createtime, modifytime, version, resmodule, resid, preload, isbizmodel, fromsourcebmf, industry, tenantid, ts, dr) VALUES ('65579d3f-110c-4fdf-8d0b-63ba24007a3d', 0, 'metadata', 'metadata', 'address', 'address', null, null, null, null, '2016-12-13 13:12:19', '2016-12-14 09:58:47', '14', 'address', null, null, 'N', 'Y', '0', null, '2016-12-15 09:49:11', 0);
INSERT INTO md_component (id, versiontype, namespace, ownmodule, name, displayname, description, help, creator, modifier, createtime, modifytime, version, resmodule, resid, preload, isbizmodel, fromsourcebmf, industry, tenantid, ts, dr) VALUES ('7ab0a8fc-d04b-4ac5-811d-5d19fa67c174', 0, 'uap', 'metadata', 'countryzone', '国家地区', null, null, null, null, '2016-11-16 11:11:12', '2016-12-13 14:57:32', '41', 'countryzone', null, null, 'N', 'Y', '0', null, '2016-12-15 09:49:18', 0);
INSERT INTO md_component (id, versiontype, namespace, ownmodule, name, displayname, description, help, creator, modifier, createtime, modifytime, version, resmodule, resid, preload, isbizmodel, fromsourcebmf, industry, tenantid, ts, dr) VALUES ('aa1e1c21-6241-4134-a71a-05624e14140f', 0, 'uap', 'baseapp', 'public', 'public', null, null, null, null, '2008-02-20 13:38:20', '2016-11-16 15:18:32', '24', 'public', null, null, 'N', 'Y', '0', null, '2016-12-15 09:49:23', 0);
INSERT INTO md_db_relation (id, versiontype, name, displayname, description, help, starttableid, startfieldid, startattrid, startcardinality, endtableid, endfieldid, endcardinality, asstype, creator, createtime, modifier, modifytime, resid, isforeignkey, tenantid, ts, dr) VALUES ('9a26ddb6-a41b-4ce6-9283-957305fb36f1', 0, 'sys_user_job->sys_user', 'sys_user_job->sys_user', null, null, 'sys_user_job', 'sys_user_job@@@fk_id_sys_user_job', '61c291c3-506c-4673-81da-b1e718e56fbc', null, 'sys_user', 'sys_user@@PK@@', null, 1, null, null, null, null, null, 'Y', null, '2016-12-15 09:49:07', 0);
INSERT INTO md_db_relation (id, versiontype, name, displayname, description, help, starttableid, startfieldid, startattrid, startcardinality, endtableid, endfieldid, endcardinality, asstype, creator, createtime, modifier, modifytime, resid, isforeignkey, tenantid, ts, dr) VALUES ('9e4307ff-b752-493d-9755-1811b3f482b9', 0, 'telbook->instit', 'telbook->instit', null, null, 'telbook', 'telbook@@@institid', '1462bbcc-84be-46df-bde4-03037203216b', null, 'instit', 'instit@@PK@@', null, 1, null, null, null, null, null, 'Y', null, '2016-12-15 09:49:12', 0);
INSERT INTO md_enumvalue (id, versiontype, value, name, description, resid, enumsequence, hidden, industry, tenantid, ts, dr) VALUES ('4ba9039a-1f79-4d3f-a0e4-3af7a047fcb5', 0, '0', '普通部门', null, null, 0, 'N', '0', null, '2016-12-15 09:49:04', 0);
INSERT INTO md_enumvalue (id, versiontype, value, name, description, resid, enumsequence, hidden, industry, tenantid, ts, dr) VALUES ('4ba9039a-1f79-4d3f-a0e4-3af7a047fcb5', 0, '1', '虚拟部门', null, null, 1, 'N', '0', null, '2016-12-15 09:49:04', 0);
INSERT INTO md_enumvalue (id, versiontype, value, name, description, resid, enumsequence, hidden, industry, tenantid, ts, dr) VALUES ('90c3c346-8efe-4e48-b892-23e7b2d5f096', 0, '0', '男', null, null, 0, 'N', '0', null, '2016-12-15 09:49:11', 0);
INSERT INTO md_enumvalue (id, versiontype, value, name, description, resid, enumsequence, hidden, industry, tenantid, ts, dr) VALUES ('90c3c346-8efe-4e48-b892-23e7b2d5f096', 0, '1', '女', null, null, 1, 'N', '0', null, '2016-12-15 09:49:11', 0);
INSERT INTO md_module (id, versiontype, name, displayname, description, help, parentmoduleid, isactive, creator, modifier, createtime, modifytime, resid, resmodule, tenantid, ts, dr) VALUES ('metadata', 0, 'metadata', 'metadata', null, null, null, null, null, null, null, null, null, null, null, '2016-12-15 09:48:38', 0);
INSERT INTO md_module (id, versiontype, name, displayname, description, help, parentmoduleid, isactive, creator, modifier, createtime, modifytime, resid, resmodule, tenantid, ts, dr) VALUES ('baseapp', 0, 'baseapp', 'baseapp', null, null, null, null, null, null, null, null, null, null, null, '2016-12-15 09:49:05', 0);
INSERT INTO md_ormap (classid, attributeid, tableid, columnid, tenantid, ts, dr) VALUES ('d08bf8be-62d0-498d-931b-0d80e49022fb', '340fde41-7dac-4006-9ad4-ad1115203ee7', 'sys_dict_type_meta', 'sys_dict_type_meta@@@dict_type_name', null, '2016-12-15 09:48:38', 0);
INSERT INTO md_ormap (classid, attributeid, tableid, columnid, tenantid, ts, dr) VALUES ('d08bf8be-62d0-498d-931b-0d80e49022fb', '6e476c13-f740-46f0-83bd-19aacd43d6aa', 'sys_dict_type_meta', 'sys_dict_type_meta@@@is_fixed', null, '2016-12-15 09:48:38', 0);
INSERT INTO md_ormap (classid, attributeid, tableid, columnid, tenantid, ts, dr) VALUES ('d08bf8be-62d0-498d-931b-0d80e49022fb', '43bd6df6-011a-4a2a-ad97-8dfe49777fab', 'sys_dict_type_meta', 'sys_dict_type_meta@@@remark', null, '2016-12-15 09:48:38', 0);
INSERT INTO md_ormap (classid, attributeid, tableid, columnid, tenantid, ts, dr) VALUES ('d08bf8be-62d0-498d-931b-0d80e49022fb', '36c98631-8ab2-4128-87db-d399db66441b', 'sys_dict_type_meta', 'sys_dict_type_meta@@@create_time', null, '2016-12-15 09:48:38', 0);
INSERT INTO md_ormap (classid, attributeid, tableid, columnid, tenantid, ts, dr) VALUES ('d08bf8be-62d0-498d-931b-0d80e49022fb', '3eb389dd-08bb-4fbc-bbfd-ca7a48330387', 'sys_dict_type_meta', 'sys_dict_type_meta@@@creator', null, '2016-12-15 09:48:38', 0);
INSERT INTO md_ormap (classid, attributeid, tableid, columnid, tenantid, ts, dr) VALUES ('d08bf8be-62d0-498d-931b-0d80e49022fb', '178ef85b-3293-4c91-81f2-ed02c8db707d', 'sys_dict_type_meta', 'sys_dict_type_meta@@@modifier', null, '2016-12-15 09:48:38', 0);
INSERT INTO md_ormap (classid, attributeid, tableid, columnid, tenantid, ts, dr) VALUES ('d08bf8be-62d0-498d-931b-0d80e49022fb', '636b7e2d-7d10-4dcb-802f-3bd8f3f399de', 'sys_dict_type_meta', 'sys_dict_type_meta@@PK@@', null, '2016-12-15 09:48:38', 0);
INSERT INTO md_ormap (classid, attributeid, tableid, columnid, tenantid, ts, dr) VALUES ('d08bf8be-62d0-498d-931b-0d80e49022fb', 'd1bbb871-65d8-417d-ac80-dda7e4237e28', 'sys_dict_type_meta', 'sys_dict_type_meta@@@modifier_id', null, '2016-12-15 09:48:38', 0);
INSERT INTO md_ormap (classid, attributeid, tableid, columnid, tenantid, ts, dr) VALUES ('d08bf8be-62d0-498d-931b-0d80e49022fb', 'c5ed8edf-5f04-4a5c-9064-59ea26f40299', 'sys_dict_type_meta', 'sys_dict_type_meta@@@modify_time', null, '2016-12-15 09:48:38', 0);
INSERT INTO md_ormap (classid, attributeid, tableid, columnid, tenantid, ts, dr) VALUES ('d08bf8be-62d0-498d-931b-0d80e49022fb', '84f91a16-1236-4778-82f8-d4148828249c', 'sys_dict_type_meta', 'sys_dict_type_meta@@@dict_type_code', null, '2016-12-15 09:48:38', 0);
INSERT INTO md_ormap (classid, attributeid, tableid, columnid, tenantid, ts, dr) VALUES ('d08bf8be-62d0-498d-931b-0d80e49022fb', '2faa7a0a-b047-45af-b248-da29b6bf1d03', 'sys_dict_type_meta', 'sys_dict_type_meta@@@creator_id', null, '2016-12-15 09:48:38', 0);
INSERT INTO md_ormap (classid, attributeid, tableid, columnid, tenantid, ts, dr) VALUES ('4392297d-3430-4433-ba48-55266005bcc2', '2f019658-5914-47d7-87b0-2f3e07db35bd', 'cardTableMeta', 'cardTableMeta@@@radiodataassociate', null, '2016-12-15 09:48:57', 0);
INSERT INTO md_ormap (classid, attributeid, tableid, columnid, tenantid, ts, dr) VALUES ('4392297d-3430-4433-ba48-55266005bcc2', '8a40f0d6-0caa-4040-9e13-e37fa8888089', 'cardTableMeta', 'cardTableMeta@@@gateway', null, '2016-12-15 09:48:57', 0);
INSERT INTO md_ormap (classid, attributeid, tableid, columnid, tenantid, ts, dr) VALUES ('4392297d-3430-4433-ba48-55266005bcc2', '38027b4b-bf97-45d2-a304-605f1de4affd', 'cardTableMeta', 'cardTableMeta@@@tag', null, '2016-12-15 09:48:57', 0);
INSERT INTO md_ormap (classid, attributeid, tableid, columnid, tenantid, ts, dr) VALUES ('4392297d-3430-4433-ba48-55266005bcc2', 'd03f50b7-3778-4c16-9bde-5d0b38b4bb61', 'cardTableMeta', 'cardTableMeta@@@combodatamodel', null, '2016-12-15 09:48:57', 0);
INSERT INTO md_ormap (classid, attributeid, tableid, columnid, tenantid, ts, dr) VALUES ('4392297d-3430-4433-ba48-55266005bcc2', '296cd7f9-c21d-4245-b0c0-155787f1ed73', 'cardTableMeta', 'cardTableMeta@@@code', null, '2016-12-15 09:48:57', 0);
INSERT INTO md_ormap (classid, attributeid, tableid, columnid, tenantid, ts, dr) VALUES ('4392297d-3430-4433-ba48-55266005bcc2', '092c94ba-807f-471c-9507-ef8f995fb602', 'cardTableMeta', 'cardTableMeta@@@name', null, '2016-12-15 09:48:57', 0);
INSERT INTO md_ormap (classid, attributeid, tableid, columnid, tenantid, ts, dr) VALUES ('4392297d-3430-4433-ba48-55266005bcc2', 'f1c3dfb6-2d26-4f85-8173-efa3a1a412be', 'cardTableMeta', 'cardTableMeta@@PK@@', null, '2016-12-15 09:48:57', 0);
INSERT INTO md_ormap (classid, attributeid, tableid, columnid, tenantid, ts, dr) VALUES ('4392297d-3430-4433-ba48-55266005bcc2', '6113a3d4-143c-4db7-837d-cdd748dca62b', 'cardTableMeta', 'cardTableMeta@@@createtime', null, '2016-12-15 09:48:57', 0);
INSERT INTO md_ormap (classid, attributeid, tableid, columnid, tenantid, ts, dr) VALUES ('4392297d-3430-4433-ba48-55266005bcc2', 'f23af737-d7fa-4e57-bbce-88273ee6a01f', 'cardTableMeta', 'cardTableMeta@@@radiodatacontroller', null, '2016-12-15 09:48:57', 0);
INSERT INTO md_ormap (classid, attributeid, tableid, columnid, tenantid, ts, dr) VALUES ('4bdf8034-83f4-48d4-8e2c-04aca3693586', 'dba22392-42c5-4cd8-a203-6eaa3bd9d292', 'telbook', 'telbook@@@tel', null, '2016-12-15 09:49:12', 0);
INSERT INTO md_ormap (classid, attributeid, tableid, columnid, tenantid, ts, dr) VALUES ('6578c47e-3b55-4c9f-9c22-a9bfad79d8cb', '91aeb35e-ed3b-408a-ad3b-de0df96bf343', 'instit', 'instit@@@creationtime', null, '2016-12-15 09:49:12', 0);
INSERT INTO md_ormap (classid, attributeid, tableid, columnid, tenantid, ts, dr) VALUES ('6578c47e-3b55-4c9f-9c22-a9bfad79d8cb', '1462bbcc-84be-46df-bde4-03037203216b', 'telbook', 'telbook@@@institid', null, '2016-12-15 09:49:12', 0);
INSERT INTO md_ormap (classid, attributeid, tableid, columnid, tenantid, ts, dr) VALUES ('6578c47e-3b55-4c9f-9c22-a9bfad79d8cb', '3910c261-d517-4588-b777-1b9f0e50db50', 'instit', 'instit@@@instit_name', null, '2016-12-15 09:49:12', 0);
INSERT INTO md_ormap (classid, attributeid, tableid, columnid, tenantid, ts, dr) VALUES ('6578c47e-3b55-4c9f-9c22-a9bfad79d8cb', 'aff467e2-1d37-47af-8104-2fb9707609d7', 'instit', 'instit@@@short_name', null, '2016-12-15 09:49:12', 0);
INSERT INTO md_ormap (classid, attributeid, tableid, columnid, tenantid, ts, dr) VALUES ('4bdf8034-83f4-48d4-8e2c-04aca3693586', 'e62f95a0-0b1e-4438-8a65-64b965bac29c', 'telbook', 'telbook@@@sex', null, '2016-12-15 09:49:12', 0);
INSERT INTO md_ormap (classid, attributeid, tableid, columnid, tenantid, ts, dr) VALUES ('4bdf8034-83f4-48d4-8e2c-04aca3693586', '283224cd-4613-47bc-aee2-021086bcf0e0', 'telbook', 'telbook@@@office', null, '2016-12-15 09:49:12', 0);
INSERT INTO md_ormap (classid, attributeid, tableid, columnid, tenantid, ts, dr) VALUES ('6578c47e-3b55-4c9f-9c22-a9bfad79d8cb', '61f33f2c-802e-4b7a-b5a6-17ad552cd6e3', 'instit', 'instit@@@instit_type', null, '2016-12-15 09:49:12', 0);
INSERT INTO md_ormap (classid, attributeid, tableid, columnid, tenantid, ts, dr) VALUES ('6578c47e-3b55-4c9f-9c22-a9bfad79d8cb', '2b8fdeeb-577c-417d-8e90-627b8fed67e6', 'instit', 'instit@@PK@@', null, '2016-12-15 09:49:12', 0);
INSERT INTO md_ormap (classid, attributeid, tableid, columnid, tenantid, ts, dr) VALUES ('8254a6a2-5933-422e-b4bb-f13d1d22108a', '3b9daffc-4b2b-43f5-ac61-c300096d535e', 'org', 'org@@@org_name', null, '2016-12-15 09:49:04', 0);
INSERT INTO md_ormap (classid, attributeid, tableid, columnid, tenantid, ts, dr) VALUES ('8254a6a2-5933-422e-b4bb-f13d1d22108a', 'dbcb31c7-fb04-41d9-ae97-0e100dc3a6c4', 'org', 'org@@@email', null, '2016-12-15 09:49:04', 0);
INSERT INTO md_ormap (classid, attributeid, tableid, columnid, tenantid, ts, dr) VALUES ('8254a6a2-5933-422e-b4bb-f13d1d22108a', 'b9c2a196-8696-41e0-b829-933a1baeeef6', 'org', 'org@@@creator', null, '2016-12-15 09:49:04', 0);
INSERT INTO md_ormap (classid, attributeid, tableid, columnid, tenantid, ts, dr) VALUES ('8254a6a2-5933-422e-b4bb-f13d1d22108a', 'a523ce91-796f-41a7-bf3a-6b4fc752e3fc', 'org', 'org@@@org_type', null, '2016-12-15 09:49:04', 0);
INSERT INTO md_ormap (classid, attributeid, tableid, columnid, tenantid, ts, dr) VALUES ('8254a6a2-5933-422e-b4bb-f13d1d22108a', '3d4a2c45-4188-4ad8-b756-01a264d35930', 'org', 'org@@@org_code', null, '2016-12-15 09:49:04', 0);
INSERT INTO md_ormap (classid, attributeid, tableid, columnid, tenantid, ts, dr) VALUES ('8254a6a2-5933-422e-b4bb-f13d1d22108a', 'bc9aa608-9761-450a-a718-7feaa0df2429', 'org', 'org@@PK@@', null, '2016-12-15 09:49:04', 0);
INSERT INTO md_ormap (classid, attributeid, tableid, columnid, tenantid, ts, dr) VALUES ('8254a6a2-5933-422e-b4bb-f13d1d22108a', '2acf6d81-abfe-4e69-994e-677077811aaf', 'org', 'org@@@creationtime', null, '2016-12-15 09:49:04', 0);
INSERT INTO md_ormap (classid, attributeid, tableid, columnid, tenantid, ts, dr) VALUES ('8254a6a2-5933-422e-b4bb-f13d1d22108a', 'de44d0af-7538-41dd-8efd-a5b11940ba25', 'org', 'org@@@parent_id', null, '2016-12-15 09:49:04', 0);
INSERT INTO md_ormap (classid, attributeid, tableid, columnid, tenantid, ts, dr) VALUES ('8254a6a2-5933-422e-b4bb-f13d1d22108a', 'd1c99f13-0e46-458e-94c9-65451b55724e', 'org', 'org@@@short_name', null, '2016-12-15 09:49:04', 0);
INSERT INTO md_ormap (classid, attributeid, tableid, columnid, tenantid, ts, dr) VALUES ('17ffb644-c70c-48de-a47f-c5b53f75460f', 'f462f724-4591-45a5-9a38-6394b565be21', 'dept', 'dept@@@creator', null, '2016-12-15 09:49:05', 0);
INSERT INTO md_ormap (classid, attributeid, tableid, columnid, tenantid, ts, dr) VALUES ('17ffb644-c70c-48de-a47f-c5b53f75460f', '03fd3103-1d97-43ea-a122-9e0cc1196359', 'dept', 'dept@@PK@@', null, '2016-12-15 09:49:05', 0);
INSERT INTO md_ormap (classid, attributeid, tableid, columnid, tenantid, ts, dr) VALUES ('17ffb644-c70c-48de-a47f-c5b53f75460f', '1d2bf6da-8442-45f6-9f38-163b8508f7a3', 'dept', 'dept@@@dept_code', null, '2016-12-15 09:49:05', 0);
INSERT INTO md_ormap (classid, attributeid, tableid, columnid, tenantid, ts, dr) VALUES ('17ffb644-c70c-48de-a47f-c5b53f75460f', 'f3af0453-4899-43de-8f12-a22d64d2dd64', 'dept', 'dept@@@dept_name', null, '2016-12-15 09:49:05', 0);
INSERT INTO md_ormap (classid, attributeid, tableid, columnid, tenantid, ts, dr) VALUES ('17ffb644-c70c-48de-a47f-c5b53f75460f', '436564d3-0668-41d7-82c2-7d7581eb89c2', 'dept', 'dept@@@createdate', null, '2016-12-15 09:49:05', 0);
INSERT INTO md_ormap (classid, attributeid, tableid, columnid, tenantid, ts, dr) VALUES ('17ffb644-c70c-48de-a47f-c5b53f75460f', '15c7b85a-c745-4c67-b4c9-cb6cb0636aee', 'dept', 'dept@@@org_id', null, '2016-12-15 09:49:05', 0);
INSERT INTO md_ormap (classid, attributeid, tableid, columnid, tenantid, ts, dr) VALUES ('17ffb644-c70c-48de-a47f-c5b53f75460f', '97a389a7-e8c0-4d0f-9cc3-f1fdfa6ad6e2', 'dept', 'dept@@@dept_type', null, '2016-12-15 09:49:05', 0);
INSERT INTO md_ormap (classid, attributeid, tableid, columnid, tenantid, ts, dr) VALUES ('17ffb644-c70c-48de-a47f-c5b53f75460f', 'b791309c-0acf-4689-81ed-1b9fa2273126', 'dept', 'dept@@@creationtime', null, '2016-12-15 09:49:05', 0);
INSERT INTO md_ormap (classid, attributeid, tableid, columnid, tenantid, ts, dr) VALUES ('17ffb644-c70c-48de-a47f-c5b53f75460f', 'b1b3407c-71a9-4944-ac3e-2e4f1f4a03c4', 'dept', 'dept@@@parent_id', null, '2016-12-15 09:49:05', 0);
INSERT INTO md_ormap (classid, attributeid, tableid, columnid, tenantid, ts, dr) VALUES ('17ffb644-c70c-48de-a47f-c5b53f75460f', 'ef571efd-9627-48c9-b603-a53f022e4fac', 'dept', 'dept@@@short_name', null, '2016-12-15 09:49:05', 0);
INSERT INTO md_ormap (classid, attributeid, tableid, columnid, tenantid, ts, dr) VALUES ('17ffb644-c70c-48de-a47f-c5b53f75460f', 'c80f1798-ce8e-43c4-9cd4-ba2e2c4950d1', 'dept', 'dept@@@deptcanceldate', null, '2016-12-15 09:49:05', 0);
INSERT INTO md_ormap (classid, attributeid, tableid, columnid, tenantid, ts, dr) VALUES ('af352b2f-4281-4f55-92e5-fdd095bbdff5', '3e4c96c5-dc67-4bbc-bb59-434ad6d24154', 'sys_user', 'sys_user@@@register_date', null, '2016-12-15 09:49:06', 0);
INSERT INTO md_ormap (classid, attributeid, tableid, columnid, tenantid, ts, dr) VALUES ('e37eed0f-507c-4c84-92f5-7c83644844f8', 'c0cf284b-9fe7-4620-bc4b-71eb4afb7a7a', 'sys_user_job', 'sys_user_job@@@create_time', null, '2016-12-15 09:49:06', 0);
INSERT INTO md_ormap (classid, attributeid, tableid, columnid, tenantid, ts, dr) VALUES ('af352b2f-4281-4f55-92e5-fdd095bbdff5', '18c04349-b4a0-47b6-985d-01bd42447ab5', 'sys_user', 'sys_user@@@level_name', null, '2016-12-15 09:49:06', 0);
INSERT INTO md_ormap (classid, attributeid, tableid, columnid, tenantid, ts, dr) VALUES ('af352b2f-4281-4f55-92e5-fdd095bbdff5', '0059ad75-9454-44df-ac06-cb1b7c28dc33', 'sys_user', 'sys_user@@@user_name', null, '2016-12-15 09:49:06', 0);
INSERT INTO md_ormap (classid, attributeid, tableid, columnid, tenantid, ts, dr) VALUES ('af352b2f-4281-4f55-92e5-fdd095bbdff5', 'c28b13d4-d7ff-4d21-944b-554b02f1e247', 'sys_user', 'sys_user@@@status_name', null, '2016-12-15 09:49:06', 0);
INSERT INTO md_ormap (classid, attributeid, tableid, columnid, tenantid, ts, dr) VALUES ('af352b2f-4281-4f55-92e5-fdd095bbdff5', '229817f7-6810-4f85-ac65-19410cb2fdc5', 'sys_user', 'sys_user@@@modifier', null, '2016-12-15 09:49:06', 0);
INSERT INTO md_ormap (classid, attributeid, tableid, columnid, tenantid, ts, dr) VALUES ('e37eed0f-507c-4c84-92f5-7c83644844f8', '583e4adc-8337-479f-b9fa-3bbef0092d8e', 'sys_user_job', 'sys_user_job@@@modifier_id', null, '2016-12-15 09:49:06', 0);
INSERT INTO md_ormap (classid, attributeid, tableid, columnid, tenantid, ts, dr) VALUES ('af352b2f-4281-4f55-92e5-fdd095bbdff5', '6d90bc4b-a95c-4679-9aee-f38a374403ec', 'sys_user', 'sys_user@@@user_mobile', null, '2016-12-15 09:49:06', 0);
INSERT INTO md_ormap (classid, attributeid, tableid, columnid, tenantid, ts, dr) VALUES ('e37eed0f-507c-4c84-92f5-7c83644844f8', '476aa1bb-79da-4e15-868f-c716ddb8be7d', 'sys_user_job', 'sys_user_job@@@user_job_note', null, '2016-12-15 09:49:06', 0);
INSERT INTO md_ormap (classid, attributeid, tableid, columnid, tenantid, ts, dr) VALUES ('af352b2f-4281-4f55-92e5-fdd095bbdff5', '7fc16fb0-71ee-4daf-951b-e524a0051bc7', 'sys_user', 'sys_user@@@org_id', null, '2016-12-15 09:49:06', 0);
INSERT INTO md_ormap (classid, attributeid, tableid, columnid, tenantid, ts, dr) VALUES ('af352b2f-4281-4f55-92e5-fdd095bbdff5', '0e1332c0-7048-4ba2-b411-77c925f87476', 'sys_user', 'sys_user@@@image_url', null, '2016-12-15 09:49:06', 0);
INSERT INTO md_ormap (classid, attributeid, tableid, columnid, tenantid, ts, dr) VALUES ('af352b2f-4281-4f55-92e5-fdd095bbdff5', '1a90d15e-9500-41e8-a105-2bb953dfd41e', 'sys_user', 'sys_user@@@sex_id', null, '2016-12-15 09:49:06', 0);
INSERT INTO md_ormap (classid, attributeid, tableid, columnid, tenantid, ts, dr) VALUES ('af352b2f-4281-4f55-92e5-fdd095bbdff5', '1bd9c911-de4f-447b-8174-7b1cf7b99bc9', 'sys_user', 'sys_user@@@platform_name', null, '2016-12-15 09:49:06', 0);
INSERT INTO md_ormap (classid, attributeid, tableid, columnid, tenantid, ts, dr) VALUES ('af352b2f-4281-4f55-92e5-fdd095bbdff5', '25e6baab-befa-4f21-ad8a-02b86447987d', 'sys_user', 'sys_user@@@birthdate', null, '2016-12-15 09:49:06', 0);
INSERT INTO md_ormap (classid, attributeid, tableid, columnid, tenantid, ts, dr) VALUES ('af352b2f-4281-4f55-92e5-fdd095bbdff5', '98e9364b-abc3-4b10-8b32-89c7d295d21d', 'sys_user', 'sys_user@@@create_time', null, '2016-12-15 09:49:06', 0);
INSERT INTO md_ormap (classid, attributeid, tableid, columnid, tenantid, ts, dr) VALUES ('af352b2f-4281-4f55-92e5-fdd095bbdff5', '58a39057-473f-41c1-b5c3-7ea443f4c21c', 'sys_user', 'sys_user@@@org_name', null, '2016-12-15 09:49:06', 0);
INSERT INTO md_ormap (classid, attributeid, tableid, columnid, tenantid, ts, dr) VALUES ('af352b2f-4281-4f55-92e5-fdd095bbdff5', 'bb25fbc1-7528-45e7-801d-ae413fa1e445', 'sys_user', 'sys_user@@@creator', null, '2016-12-15 09:49:06', 0);
INSERT INTO md_ormap (classid, attributeid, tableid, columnid, tenantid, ts, dr) VALUES ('af352b2f-4281-4f55-92e5-fdd095bbdff5', 'e45cb75f-a4f8-4b8e-a64e-15dc61333510', 'sys_user', 'sys_user@@@certificate_name', null, '2016-12-15 09:49:06', 0);
INSERT INTO md_ormap (classid, attributeid, tableid, columnid, tenantid, ts, dr) VALUES ('af352b2f-4281-4f55-92e5-fdd095bbdff5', 'bdc6bca4-4884-487f-838f-addc10d33f64', 'sys_user', 'sys_user@@@remark', null, '2016-12-15 09:49:06', 0);
INSERT INTO md_ormap (classid, attributeid, tableid, columnid, tenantid, ts, dr) VALUES ('e37eed0f-507c-4c84-92f5-7c83644844f8', '073683a2-12c5-4fc2-9008-be234c27c43f', 'sys_user_job', 'sys_user_job@@@org_id', null, '2016-12-15 09:49:06', 0);
INSERT INTO md_ormap (classid, attributeid, tableid, columnid, tenantid, ts, dr) VALUES ('af352b2f-4281-4f55-92e5-fdd095bbdff5', 'd29f3254-56dc-47cf-81a4-513c9923bb1e', 'sys_user', 'sys_user@@@level_id', null, '2016-12-15 09:49:06', 0);
INSERT INTO md_ormap (classid, attributeid, tableid, columnid, tenantid, ts, dr) VALUES ('af352b2f-4281-4f55-92e5-fdd095bbdff5', 'eae1d63c-46e4-4823-af45-81e75002e245', 'sys_user', 'sys_user@@@modifier_id', null, '2016-12-15 09:49:06', 0);
INSERT INTO md_ormap (classid, attributeid, tableid, columnid, tenantid, ts, dr) VALUES ('af352b2f-4281-4f55-92e5-fdd095bbdff5', '01a74741-fa52-477a-a58e-5565db36de0b', 'sys_user', 'sys_user@@PK@@', null, '2016-12-15 09:49:06', 0);
INSERT INTO md_ormap (classid, attributeid, tableid, columnid, tenantid, ts, dr) VALUES ('af352b2f-4281-4f55-92e5-fdd095bbdff5', '36b393d0-a21b-45cc-914e-7cb595634c6f', 'sys_user', 'sys_user@@@user_code', null, '2016-12-15 09:49:06', 0);
INSERT INTO md_ormap (classid, attributeid, tableid, columnid, tenantid, ts, dr) VALUES ('af352b2f-4281-4f55-92e5-fdd095bbdff5', '3c985562-9508-49d3-bac9-c9e4e67c5992', 'sys_user', 'sys_user@@@status_id', null, '2016-12-15 09:49:06', 0);
INSERT INTO md_ormap (classid, attributeid, tableid, columnid, tenantid, ts, dr) VALUES ('af352b2f-4281-4f55-92e5-fdd095bbdff5', '6af78e6b-21b5-4c7b-8e93-fd1213644b87', 'sys_user', 'sys_user@@@certificate_code', null, '2016-12-15 09:49:06', 0);
INSERT INTO md_ormap (classid, attributeid, tableid, columnid, tenantid, ts, dr) VALUES ('af352b2f-4281-4f55-92e5-fdd095bbdff5', '61c291c3-506c-4673-81da-b1e718e56fbc', 'sys_user_job', 'sys_user_job@@@fk_id_sys_user_job', null, '2016-12-15 09:49:06', 0);
INSERT INTO md_ormap (classid, attributeid, tableid, columnid, tenantid, ts, dr) VALUES ('af352b2f-4281-4f55-92e5-fdd095bbdff5', '8c9097b4-ca4c-4514-83f1-fe2516e0e0b7', 'sys_user', 'sys_user@@@login_name', null, '2016-12-15 09:49:06', 0);
INSERT INTO md_ormap (classid, attributeid, tableid, columnid, tenantid, ts, dr) VALUES ('e37eed0f-507c-4c84-92f5-7c83644844f8', '38254213-08e2-44fe-b99c-4fb2b623dcff', 'sys_user_job', 'sys_user_job@@@modify_time', null, '2016-12-15 09:49:06', 0);
INSERT INTO md_ormap (classid, attributeid, tableid, columnid, tenantid, ts, dr) VALUES ('af352b2f-4281-4f55-92e5-fdd095bbdff5', '4b13d325-c5b3-46c0-a9f3-74cfa74e3c6e', 'sys_user', 'sys_user@@@user_email', null, '2016-12-15 09:49:06', 0);
INSERT INTO md_ormap (classid, attributeid, tableid, columnid, tenantid, ts, dr) VALUES ('af352b2f-4281-4f55-92e5-fdd095bbdff5', 'a6776e2c-c998-4b2e-80df-f140cde809a8', 'sys_user', 'sys_user@@@modify_time', null, '2016-12-15 09:49:06', 0);
INSERT INTO md_ormap (classid, attributeid, tableid, columnid, tenantid, ts, dr) VALUES ('e37eed0f-507c-4c84-92f5-7c83644844f8', '5b5a6192-7d99-4aa8-aa0a-0d7f2aec57a4', 'sys_user_job', 'sys_user_job@@@is_active', null, '2016-12-15 09:49:07', 0);
INSERT INTO md_ormap (classid, attributeid, tableid, columnid, tenantid, ts, dr) VALUES ('e37eed0f-507c-4c84-92f5-7c83644844f8', '24acc470-cfd0-485e-bd68-bc7976f57c46', 'sys_user_job', 'sys_user_job@@@creator', null, '2016-12-15 09:49:07', 0);
INSERT INTO md_ormap (classid, attributeid, tableid, columnid, tenantid, ts, dr) VALUES ('af352b2f-4281-4f55-92e5-fdd095bbdff5', '2bca9d99-8962-47f0-9c7d-cb5d3a9f87f7', 'sys_user', 'sys_user@@@certificate_id', null, '2016-12-15 09:49:07', 0);
INSERT INTO md_ormap (classid, attributeid, tableid, columnid, tenantid, ts, dr) VALUES ('e37eed0f-507c-4c84-92f5-7c83644844f8', 'e4f79765-f9b9-45c2-b3cc-420d67d16687', 'sys_user_job', 'sys_user_job@@@user_name', null, '2016-12-15 09:49:07', 0);
INSERT INTO md_ormap (classid, attributeid, tableid, columnid, tenantid, ts, dr) VALUES ('af352b2f-4281-4f55-92e5-fdd095bbdff5', 'd5d9c875-0578-4c85-a1cd-c0c2b7f7de90', 'sys_user', 'sys_user@@@user_password', null, '2016-12-15 09:49:07', 0);
INSERT INTO md_ormap (classid, attributeid, tableid, columnid, tenantid, ts, dr) VALUES ('e37eed0f-507c-4c84-92f5-7c83644844f8', '40cca0cc-3c5c-433c-88bb-9a3019039677', 'sys_user_job', 'sys_user_job@@@user_id', null, '2016-12-15 09:49:07', 0);
INSERT INTO md_ormap (classid, attributeid, tableid, columnid, tenantid, ts, dr) VALUES ('e37eed0f-507c-4c84-92f5-7c83644844f8', '5d917a4c-7880-434f-8717-28fb03687cf8', 'sys_user_job', 'sys_user_job@@@creator_id', null, '2016-12-15 09:49:07', 0);
INSERT INTO md_ormap (classid, attributeid, tableid, columnid, tenantid, ts, dr) VALUES ('af352b2f-4281-4f55-92e5-fdd095bbdff5', '3e5cf1cc-0185-48cd-8ac6-f94ce54b9654', 'sys_user', 'sys_user@@@platform_id', null, '2016-12-15 09:49:07', 0);
INSERT INTO md_ormap (classid, attributeid, tableid, columnid, tenantid, ts, dr) VALUES ('e37eed0f-507c-4c84-92f5-7c83644844f8', 'f564d08b-04d2-49d2-8c44-dafa11ec758b', 'sys_user_job', 'sys_user_job@@@dept_id', null, '2016-12-15 09:49:07', 0);
INSERT INTO md_ormap (classid, attributeid, tableid, columnid, tenantid, ts, dr) VALUES ('af352b2f-4281-4f55-92e5-fdd095bbdff5', '98b3975e-872a-40e4-8496-3c9b965ad609', 'sys_user', 'sys_user@@@creator_id', null, '2016-12-15 09:49:07', 0);
INSERT INTO md_ormap (classid, attributeid, tableid, columnid, tenantid, ts, dr) VALUES ('e37eed0f-507c-4c84-92f5-7c83644844f8', '07a56fb1-3a38-4ed8-a059-5b8701b59491', 'sys_user_job', 'sys_user_job@@@modifier', null, '2016-12-15 09:49:07', 0);
INSERT INTO md_ormap (classid, attributeid, tableid, columnid, tenantid, ts, dr) VALUES ('e37eed0f-507c-4c84-92f5-7c83644844f8', 'c626af22-65ed-4d02-ac21-9e99ee465a96', 'sys_user_job', 'sys_user_job@@PK@@', null, '2016-12-15 09:49:07', 0);
INSERT INTO md_ormap (classid, attributeid, tableid, columnid, tenantid, ts, dr) VALUES ('e37eed0f-507c-4c84-92f5-7c83644844f8', '0c102a47-833e-4081-93f2-75992450e344', 'sys_user_job', 'sys_user_job@@@is_default', null, '2016-12-15 09:49:07', 0);
INSERT INTO md_ormap (classid, attributeid, tableid, columnid, tenantid, ts, dr) VALUES ('08ffeabe-e01d-4072-a4c3-025345386ebb', '739eb675-c24f-4ba9-bef8-7ae7e573c9a5', 'bd_countryzone', 'bd_countryzone@@@pk_timezone', null, '2016-12-15 09:49:19', 0);
INSERT INTO md_ormap (classid, attributeid, tableid, columnid, tenantid, ts, dr) VALUES ('08ffeabe-e01d-4072-a4c3-025345386ebb', 'f5b4da25-a7ed-40bb-84a5-caecc57de577', 'bd_countryzone', 'bd_countryzone@@@wholename', null, '2016-12-15 09:49:19', 0);
INSERT INTO md_ormap (classid, attributeid, tableid, columnid, tenantid, ts, dr) VALUES ('08ffeabe-e01d-4072-a4c3-025345386ebb', '199d907a-f6c3-4143-82ec-3b4a1d49d35d', 'bd_countryzone', 'bd_countryzone@@@modifier', null, '2016-12-15 09:49:19', 0);
INSERT INTO md_ormap (classid, attributeid, tableid, columnid, tenantid, ts, dr) VALUES ('08ffeabe-e01d-4072-a4c3-025345386ebb', '7dc4f139-c0e3-4478-bf1e-f6b0bb7d5fa0', 'bd_countryzone', 'bd_countryzone@@@creationtime', null, '2016-12-15 09:49:19', 0);
INSERT INTO md_ormap (classid, attributeid, tableid, columnid, tenantid, ts, dr) VALUES ('08ffeabe-e01d-4072-a4c3-025345386ebb', '064841b3-cd0c-4194-a810-5a0936993b74', 'bd_countryzone', 'bd_countryzone@@@creator', null, '2016-12-15 09:49:19', 0);
INSERT INTO md_ormap (classid, attributeid, tableid, columnid, tenantid, ts, dr) VALUES ('08ffeabe-e01d-4072-a4c3-025345386ebb', '4ebc2d73-fbf7-4138-85b9-0138434dae24', 'bd_countryzone', 'bd_countryzone@@@modifiedtime', null, '2016-12-15 09:49:19', 0);
INSERT INTO md_ormap (classid, attributeid, tableid, columnid, tenantid, ts, dr) VALUES ('08ffeabe-e01d-4072-a4c3-025345386ebb', '449282ce-da9c-44c3-9f97-75dec757519b', 'bd_countryzone', 'bd_countryzone@@@name', null, '2016-12-15 09:49:19', 0);
INSERT INTO md_ormap (classid, attributeid, tableid, columnid, tenantid, ts, dr) VALUES ('08ffeabe-e01d-4072-a4c3-025345386ebb', 'c44a1085-6598-454a-b9e6-f77e7875c119', 'bd_countryzone', 'bd_countryzone@@@description', null, '2016-12-15 09:49:19', 0);
INSERT INTO md_ormap (classid, attributeid, tableid, columnid, tenantid, ts, dr) VALUES ('08ffeabe-e01d-4072-a4c3-025345386ebb', 'a38c429f-caeb-413f-8b1f-a3727a75ce4e', 'bd_countryzone', 'bd_countryzone@@PK@@', null, '2016-12-15 09:49:19', 0);
INSERT INTO md_ormap (classid, attributeid, tableid, columnid, tenantid, ts, dr) VALUES ('08ffeabe-e01d-4072-a4c3-025345386ebb', '2702b115-ae64-471f-a12a-0ffb85d5a61c', 'bd_countryzone', 'bd_countryzone@@@code', null, '2016-12-15 09:49:19', 0);
INSERT INTO md_ormap (classid, attributeid, tableid, columnid, tenantid, ts, dr) VALUES ('08ffeabe-e01d-4072-a4c3-025345386ebb', '520f90df-42d4-4d85-888d-e38f915d6adf', 'bd_countryzone', 'bd_countryzone@@@phonecode', null, '2016-12-15 09:49:19', 0);
INSERT INTO md_ormap (classid, attributeid, tableid, columnid, tenantid, ts, dr) VALUES ('08ffeabe-e01d-4072-a4c3-025345386ebb', '3c7da34b-6479-4050-865e-cba9d2537c10', 'bd_countryzone', 'bd_countryzone@@@pk_lang', null, '2016-12-15 09:49:19', 0);
INSERT INTO md_ormap (classid, attributeid, tableid, columnid, tenantid, ts, dr) VALUES ('6578c47e-3b55-4c9f-9c22-a9bfad79d8cb', 'd028afd2-12f1-4668-b4ac-fce669edd72e', 'instit', 'instit@@@creator', null, '2016-12-15 09:49:12', 0);
INSERT INTO md_ormap (classid, attributeid, tableid, columnid, tenantid, ts, dr) VALUES ('4bdf8034-83f4-48d4-8e2c-04aca3693586', '4b5a5c4d-d097-487b-9e6c-10f2c660c674', 'telbook', 'telbook@@@worktel', null, '2016-12-15 09:49:12', 0);
INSERT INTO md_ormap (classid, attributeid, tableid, columnid, tenantid, ts, dr) VALUES ('6578c47e-3b55-4c9f-9c22-a9bfad79d8cb', '2c3c1f2b-2c3c-49f9-b7fe-fcff773f4749', 'instit', 'instit@@@parent_id', null, '2016-12-15 09:49:12', 0);
INSERT INTO md_ormap (classid, attributeid, tableid, columnid, tenantid, ts, dr) VALUES ('4bdf8034-83f4-48d4-8e2c-04aca3693586', '21d10890-c10e-4fb8-84eb-5a52b7b837b6', 'telbook', 'telbook@@@peocode', null, '2016-12-15 09:49:12', 0);
INSERT INTO md_ormap (classid, attributeid, tableid, columnid, tenantid, ts, dr) VALUES ('6578c47e-3b55-4c9f-9c22-a9bfad79d8cb', 'b1f3b2c3-8139-4135-bb4e-4430540404d2', 'instit', 'instit@@@instit_code', null, '2016-12-15 09:49:12', 0);
INSERT INTO md_ormap (classid, attributeid, tableid, columnid, tenantid, ts, dr) VALUES ('4bdf8034-83f4-48d4-8e2c-04aca3693586', '45259f0e-2d6e-4fd2-bc56-51a322860eed', 'telbook', 'telbook@@PK@@', null, '2016-12-15 09:49:12', 0);
INSERT INTO md_ormap (classid, attributeid, tableid, columnid, tenantid, ts, dr) VALUES ('4bdf8034-83f4-48d4-8e2c-04aca3693586', 'f1b5fae8-796c-4c5e-a834-0aca9f5f6fe8', 'telbook', 'telbook@@@peoname', null, '2016-12-15 09:49:12', 0);
INSERT INTO md_ormap (classid, attributeid, tableid, columnid, tenantid, ts, dr) VALUES ('4bdf8034-83f4-48d4-8e2c-04aca3693586', '16df9de7-2ac7-4458-a95d-185619fe66a4', 'telbook', 'telbook@@@countryzone', null, '2016-12-15 09:49:12', 0);
INSERT INTO md_ormap (classid, attributeid, tableid, columnid, tenantid, ts, dr) VALUES ('6578c47e-3b55-4c9f-9c22-a9bfad79d8cb', '1b1d0fdd-ece0-40ca-8702-133a6c6f99f4', 'instit', 'instit@@@email', null, '2016-12-15 09:49:12', 0);
INSERT INTO md_ormap (classid, attributeid, tableid, columnid, tenantid, ts, dr) VALUES ('4bdf8034-83f4-48d4-8e2c-04aca3693586', '53c25e75-5354-4038-8a22-f33565f01c46', 'telbook', 'telbook@@@email', null, '2016-12-15 09:49:12', 0);
INSERT INTO md_property (id, versiontype, name, displayname, description, help, classid, defaultvalue, attrminvalue, attrmaxvalue, fixedlength, attrlength, precise, datatype, datatypestyle, nullable, customattr, calculation, readonly, visibility, accessorclassname, attrsequence, hided, refmodelname, isactive, creator, modifier, createtime, modifytime, isauthen, resid, dynamicattr, notserialize, accesspower, accesspowergroup, industry, createindustry, tenantid, dynamictable, ts, dr) VALUES ('636b7e2d-7d10-4dcb-802f-3bd8f3f399de', 0, 'dictid', '主键', null, null, 'd08bf8be-62d0-498d-931b-0d80e49022fb', null, null, null, 'N', 36, 0, 'BS000010000100001051', 300, 'N', 'N', 'N', 'N', 0, null, 0, 'N', null, 'Y', null, null, null, null, 'Y', null, 'N', 'N', 'N', null, '0', null, null, null, '2016-12-15 09:48:38', 0);
INSERT INTO md_property (id, versiontype, name, displayname, description, help, classid, defaultvalue, attrminvalue, attrmaxvalue, fixedlength, attrlength, precise, datatype, datatypestyle, nullable, customattr, calculation, readonly, visibility, accessorclassname, attrsequence, hided, refmodelname, isactive, creator, modifier, createtime, modifytime, isauthen, resid, dynamicattr, notserialize, accesspower, accesspowergroup, industry, createindustry, tenantid, dynamictable, ts, dr) VALUES ('84f91a16-1236-4778-82f8-d4148828249c', 0, 'dicttypecode', '编码', null, null, 'd08bf8be-62d0-498d-931b-0d80e49022fb', null, null, null, 'N', 100, 0, 'BS000010000100001001', 300, 'Y', 'N', 'N', 'N', 0, null, 1, 'N', null, 'Y', null, null, null, null, 'Y', null, 'N', 'N', 'N', null, '0', null, null, null, '2016-12-15 09:48:38', 0);
INSERT INTO md_property (id, versiontype, name, displayname, description, help, classid, defaultvalue, attrminvalue, attrmaxvalue, fixedlength, attrlength, precise, datatype, datatypestyle, nullable, customattr, calculation, readonly, visibility, accessorclassname, attrsequence, hided, refmodelname, isactive, creator, modifier, createtime, modifytime, isauthen, resid, dynamicattr, notserialize, accesspower, accesspowergroup, industry, createindustry, tenantid, dynamictable, ts, dr) VALUES ('340fde41-7dac-4006-9ad4-ad1115203ee7', 0, 'dicttypename', '名称', null, null, 'd08bf8be-62d0-498d-931b-0d80e49022fb', null, null, null, 'N', 100, 0, 'BS000010000100001001', 300, 'Y', 'N', 'N', 'N', 0, null, 2, 'N', null, 'Y', null, null, null, null, 'Y', null, 'N', 'N', 'N', null, '0', null, null, null, '2016-12-15 09:48:38', 0);
INSERT INTO md_property (id, versiontype, name, displayname, description, help, classid, defaultvalue, attrminvalue, attrmaxvalue, fixedlength, attrlength, precise, datatype, datatypestyle, nullable, customattr, calculation, readonly, visibility, accessorclassname, attrsequence, hided, refmodelname, isactive, creator, modifier, createtime, modifytime, isauthen, resid, dynamicattr, notserialize, accesspower, accesspowergroup, industry, createindustry, tenantid, dynamictable, ts, dr) VALUES ('6e476c13-f740-46f0-83bd-19aacd43d6aa', 0, 'isfixed', '系统预制', null, null, 'd08bf8be-62d0-498d-931b-0d80e49022fb', null, null, null, 'N', 50, 0, 'BS000010000100001001', 300, 'Y', 'N', 'N', 'N', 0, null, 3, 'N', null, 'Y', null, null, null, null, 'Y', null, 'N', 'N', 'N', null, '0', null, null, null, '2016-12-15 09:48:38', 0);
INSERT INTO md_property (id, versiontype, name, displayname, description, help, classid, defaultvalue, attrminvalue, attrmaxvalue, fixedlength, attrlength, precise, datatype, datatypestyle, nullable, customattr, calculation, readonly, visibility, accessorclassname, attrsequence, hided, refmodelname, isactive, creator, modifier, createtime, modifytime, isauthen, resid, dynamicattr, notserialize, accesspower, accesspowergroup, industry, createindustry, tenantid, dynamictable, ts, dr) VALUES ('43bd6df6-011a-4a2a-ad97-8dfe49777fab', 0, 'remark', '评论', null, null, 'd08bf8be-62d0-498d-931b-0d80e49022fb', null, null, null, 'N', 512, 0, 'BS000010000100001001', 300, 'Y', 'N', 'N', 'N', 0, null, 4, 'N', null, 'Y', null, null, null, null, 'Y', null, 'N', 'N', 'N', null, '0', null, null, null, '2016-12-15 09:48:38', 0);
INSERT INTO md_property (id, versiontype, name, displayname, description, help, classid, defaultvalue, attrminvalue, attrmaxvalue, fixedlength, attrlength, precise, datatype, datatypestyle, nullable, customattr, calculation, readonly, visibility, accessorclassname, attrsequence, hided, refmodelname, isactive, creator, modifier, createtime, modifytime, isauthen, resid, dynamicattr, notserialize, accesspower, accesspowergroup, industry, createindustry, tenantid, dynamictable, ts, dr) VALUES ('2faa7a0a-b047-45af-b248-da29b6bf1d03', 0, 'creatorid', '创建人ID', null, null, 'd08bf8be-62d0-498d-931b-0d80e49022fb', null, null, null, 'N', 40, 0, 'BS000010000100001001', 300, 'Y', 'N', 'N', 'N', 0, null, 5, 'N', null, 'Y', null, null, null, null, 'Y', null, 'N', 'N', 'N', null, '0', null, null, null, '2016-12-15 09:48:38', 0);
INSERT INTO md_property (id, versiontype, name, displayname, description, help, classid, defaultvalue, attrminvalue, attrmaxvalue, fixedlength, attrlength, precise, datatype, datatypestyle, nullable, customattr, calculation, readonly, visibility, accessorclassname, attrsequence, hided, refmodelname, isactive, creator, modifier, createtime, modifytime, isauthen, resid, dynamicattr, notserialize, accesspower, accesspowergroup, industry, createindustry, tenantid, dynamictable, ts, dr) VALUES ('3eb389dd-08bb-4fbc-bbfd-ca7a48330387', 0, 'creator', '创建人', null, null, 'd08bf8be-62d0-498d-931b-0d80e49022fb', null, null, null, 'N', 20, 0, 'BS000010000100001001', 300, 'Y', 'N', 'N', 'N', 0, null, 6, 'N', null, 'Y', null, null, null, null, 'Y', null, 'N', 'N', 'N', null, '0', null, null, null, '2016-12-15 09:48:38', 0);
INSERT INTO md_property (id, versiontype, name, displayname, description, help, classid, defaultvalue, attrminvalue, attrmaxvalue, fixedlength, attrlength, precise, datatype, datatypestyle, nullable, customattr, calculation, readonly, visibility, accessorclassname, attrsequence, hided, refmodelname, isactive, creator, modifier, createtime, modifytime, isauthen, resid, dynamicattr, notserialize, accesspower, accesspowergroup, industry, createindustry, tenantid, dynamictable, ts, dr) VALUES ('36c98631-8ab2-4128-87db-d399db66441b', 0, 'createtime', '创建时间', null, null, 'd08bf8be-62d0-498d-931b-0d80e49022fb', null, null, null, 'N', 0, 0, 'BS000010000100001034', 300, 'Y', 'N', 'N', 'N', 0, null, 7, 'N', null, 'Y', null, null, null, null, 'Y', null, 'N', 'N', 'N', null, '0', null, null, null, '2016-12-15 09:48:38', 0);
INSERT INTO md_property (id, versiontype, name, displayname, description, help, classid, defaultvalue, attrminvalue, attrmaxvalue, fixedlength, attrlength, precise, datatype, datatypestyle, nullable, customattr, calculation, readonly, visibility, accessorclassname, attrsequence, hided, refmodelname, isactive, creator, modifier, createtime, modifytime, isauthen, resid, dynamicattr, notserialize, accesspower, accesspowergroup, industry, createindustry, tenantid, dynamictable, ts, dr) VALUES ('d1bbb871-65d8-417d-ac80-dda7e4237e28', 0, 'modifierid', '修改人ID', null, null, 'd08bf8be-62d0-498d-931b-0d80e49022fb', null, null, null, 'N', 40, 0, 'BS000010000100001001', 300, 'Y', 'N', 'N', 'N', 0, null, 8, 'N', null, 'Y', null, null, null, null, 'Y', null, 'N', 'N', 'N', null, '0', null, null, null, '2016-12-15 09:48:38', 0);
INSERT INTO md_property (id, versiontype, name, displayname, description, help, classid, defaultvalue, attrminvalue, attrmaxvalue, fixedlength, attrlength, precise, datatype, datatypestyle, nullable, customattr, calculation, readonly, visibility, accessorclassname, attrsequence, hided, refmodelname, isactive, creator, modifier, createtime, modifytime, isauthen, resid, dynamicattr, notserialize, accesspower, accesspowergroup, industry, createindustry, tenantid, dynamictable, ts, dr) VALUES ('178ef85b-3293-4c91-81f2-ed02c8db707d', 0, 'modifier', '修改人', null, null, 'd08bf8be-62d0-498d-931b-0d80e49022fb', null, null, null, 'N', 20, 0, 'BS000010000100001001', 300, 'Y', 'N', 'N', 'N', 0, null, 9, 'N', null, 'Y', null, null, null, null, 'Y', null, 'N', 'N', 'N', null, '0', null, null, null, '2016-12-15 09:48:38', 0);
INSERT INTO md_property (id, versiontype, name, displayname, description, help, classid, defaultvalue, attrminvalue, attrmaxvalue, fixedlength, attrlength, precise, datatype, datatypestyle, nullable, customattr, calculation, readonly, visibility, accessorclassname, attrsequence, hided, refmodelname, isactive, creator, modifier, createtime, modifytime, isauthen, resid, dynamicattr, notserialize, accesspower, accesspowergroup, industry, createindustry, tenantid, dynamictable, ts, dr) VALUES ('c5ed8edf-5f04-4a5c-9064-59ea26f40299', 0, 'modifytime', '修改时间', null, null, 'd08bf8be-62d0-498d-931b-0d80e49022fb', null, null, null, 'N', 0, 0, 'BS000010000100001034', 300, 'Y', 'N', 'N', 'N', 0, null, 10, 'N', null, 'Y', null, null, null, null, 'Y', null, 'N', 'N', 'N', null, '0', null, null, null, '2016-12-15 09:48:38', 0);
INSERT INTO md_property (id, versiontype, name, displayname, description, help, classid, defaultvalue, attrminvalue, attrmaxvalue, fixedlength, attrlength, precise, datatype, datatypestyle, nullable, customattr, calculation, readonly, visibility, accessorclassname, attrsequence, hided, refmodelname, isactive, creator, modifier, createtime, modifytime, isauthen, resid, dynamicattr, notserialize, accesspower, accesspowergroup, industry, createindustry, tenantid, dynamictable, ts, dr) VALUES ('092c94ba-807f-471c-9507-ef8f995fb602', 0, 'name', '系统名称', null, null, '4392297d-3430-4433-ba48-55266005bcc2', null, null, null, 'N', 100, 0, 'BS000010000100001001', 300, 'Y', 'N', 'N', 'N', 0, null, 0, 'N', null, 'Y', null, null, null, null, 'Y', null, 'N', 'N', 'N', null, '0', null, null, null, '2016-12-15 09:48:57', 0);
INSERT INTO md_property (id, versiontype, name, displayname, description, help, classid, defaultvalue, attrminvalue, attrmaxvalue, fixedlength, attrlength, precise, datatype, datatypestyle, nullable, customattr, calculation, readonly, visibility, accessorclassname, attrsequence, hided, refmodelname, isactive, creator, modifier, createtime, modifytime, isauthen, resid, dynamicattr, notserialize, accesspower, accesspowergroup, industry, createindustry, tenantid, dynamictable, ts, dr) VALUES ('296cd7f9-c21d-4245-b0c0-155787f1ed73', 0, 'code', '系统编码', null, null, '4392297d-3430-4433-ba48-55266005bcc2', null, null, null, 'N', 50, 0, 'BS000010000100001001', 300, 'Y', 'N', 'N', 'N', 0, null, 1, 'N', null, 'Y', null, null, null, null, 'Y', null, 'N', 'N', 'N', null, '0', null, null, null, '2016-12-15 09:48:57', 0);
INSERT INTO md_property (id, versiontype, name, displayname, description, help, classid, defaultvalue, attrminvalue, attrmaxvalue, fixedlength, attrlength, precise, datatype, datatypestyle, nullable, customattr, calculation, readonly, visibility, accessorclassname, attrsequence, hided, refmodelname, isactive, creator, modifier, createtime, modifytime, isauthen, resid, dynamicattr, notserialize, accesspower, accesspowergroup, industry, createindustry, tenantid, dynamictable, ts, dr) VALUES ('f1c3dfb6-2d26-4f85-8173-efa3a1a412be', 0, 'pksystem', '主键', null, null, '4392297d-3430-4433-ba48-55266005bcc2', null, null, null, 'N', 36, 0, 'BS000010000100001051', 300, 'N', 'N', 'N', 'N', 0, null, 2, 'N', null, 'Y', null, null, null, null, 'Y', null, 'N', 'N', 'N', null, '0', null, null, null, '2016-12-15 09:48:57', 0);
INSERT INTO md_property (id, versiontype, name, displayname, description, help, classid, defaultvalue, attrminvalue, attrmaxvalue, fixedlength, attrlength, precise, datatype, datatypestyle, nullable, customattr, calculation, readonly, visibility, accessorclassname, attrsequence, hided, refmodelname, isactive, creator, modifier, createtime, modifytime, isauthen, resid, dynamicattr, notserialize, accesspower, accesspowergroup, industry, createindustry, tenantid, dynamictable, ts, dr) VALUES ('8a40f0d6-0caa-4040-9e13-e37fa8888089', 0, 'gateway', '网管地址', null, null, '4392297d-3430-4433-ba48-55266005bcc2', null, null, null, 'N', 50, 0, 'BS000010000100001001', 300, 'Y', 'N', 'N', 'N', 0, null, 3, 'N', null, 'Y', null, null, null, null, 'Y', null, 'N', 'N', 'N', null, '0', null, null, null, '2016-12-15 09:48:57', 0);
INSERT INTO md_property (id, versiontype, name, displayname, description, help, classid, defaultvalue, attrminvalue, attrmaxvalue, fixedlength, attrlength, precise, datatype, datatypestyle, nullable, customattr, calculation, readonly, visibility, accessorclassname, attrsequence, hided, refmodelname, isactive, creator, modifier, createtime, modifytime, isauthen, resid, dynamicattr, notserialize, accesspower, accesspowergroup, industry, createindustry, tenantid, dynamictable, ts, dr) VALUES ('f23af737-d7fa-4e57-bbce-88273ee6a01f', 0, 'radiodatacontroller', '需要授权', null, null, '4392297d-3430-4433-ba48-55266005bcc2', null, null, null, 'N', 50, 0, 'BS000010000100001001', 300, 'Y', 'N', 'N', 'N', 0, null, 4, 'N', null, 'Y', null, null, null, null, 'Y', null, 'N', 'N', 'N', null, '0', null, null, null, '2016-12-15 09:48:57', 0);
INSERT INTO md_property (id, versiontype, name, displayname, description, help, classid, defaultvalue, attrminvalue, attrmaxvalue, fixedlength, attrlength, precise, datatype, datatypestyle, nullable, customattr, calculation, readonly, visibility, accessorclassname, attrsequence, hided, refmodelname, isactive, creator, modifier, createtime, modifytime, isauthen, resid, dynamicattr, notserialize, accesspower, accesspowergroup, industry, createindustry, tenantid, dynamictable, ts, dr) VALUES ('2f019658-5914-47d7-87b0-2f3e07db35bd', 0, 'radiodataassociate', '用户自关联', null, null, '4392297d-3430-4433-ba48-55266005bcc2', null, null, null, 'N', 50, 0, 'BS000010000100001001', 300, 'Y', 'N', 'N', 'N', 0, null, 5, 'N', null, 'Y', null, null, null, null, 'Y', null, 'N', 'N', 'N', null, '0', null, null, null, '2016-12-15 09:48:57', 0);
INSERT INTO md_property (id, versiontype, name, displayname, description, help, classid, defaultvalue, attrminvalue, attrmaxvalue, fixedlength, attrlength, precise, datatype, datatypestyle, nullable, customattr, calculation, readonly, visibility, accessorclassname, attrsequence, hided, refmodelname, isactive, creator, modifier, createtime, modifytime, isauthen, resid, dynamicattr, notserialize, accesspower, accesspowergroup, industry, createindustry, tenantid, dynamictable, ts, dr) VALUES ('d03f50b7-3778-4c16-9bde-5d0b38b4bb61', 0, 'combodatamodel', '认证模式', null, null, '4392297d-3430-4433-ba48-55266005bcc2', null, null, null, 'N', 50, 0, 'BS000010000100001001', 300, 'Y', 'N', 'N', 'N', 0, null, 6, 'N', null, 'Y', null, null, null, null, 'Y', null, 'N', 'N', 'N', null, '0', null, null, null, '2016-12-15 09:48:57', 0);
INSERT INTO md_property (id, versiontype, name, displayname, description, help, classid, defaultvalue, attrminvalue, attrmaxvalue, fixedlength, attrlength, precise, datatype, datatypestyle, nullable, customattr, calculation, readonly, visibility, accessorclassname, attrsequence, hided, refmodelname, isactive, creator, modifier, createtime, modifytime, isauthen, resid, dynamicattr, notserialize, accesspower, accesspowergroup, industry, createindustry, tenantid, dynamictable, ts, dr) VALUES ('38027b4b-bf97-45d2-a304-605f1de4affd', 0, 'tag', 'tag', null, null, '4392297d-3430-4433-ba48-55266005bcc2', null, null, null, 'N', 50, 0, 'BS000010000100001001', 300, 'Y', 'N', 'N', 'N', 0, null, 7, 'N', null, 'Y', null, null, null, null, 'Y', null, 'N', 'N', 'N', null, '0', null, null, null, '2016-12-15 09:48:57', 0);
INSERT INTO md_property (id, versiontype, name, displayname, description, help, classid, defaultvalue, attrminvalue, attrmaxvalue, fixedlength, attrlength, precise, datatype, datatypestyle, nullable, customattr, calculation, readonly, visibility, accessorclassname, attrsequence, hided, refmodelname, isactive, creator, modifier, createtime, modifytime, isauthen, resid, dynamicattr, notserialize, accesspower, accesspowergroup, industry, createindustry, tenantid, dynamictable, ts, dr) VALUES ('6113a3d4-143c-4db7-837d-cdd748dca62b', 0, 'createtime', '创建时间', null, null, '4392297d-3430-4433-ba48-55266005bcc2', null, null, null, 'N', 0, 0, 'BS000010000100001034', 300, 'Y', 'N', 'N', 'N', 0, null, 8, 'N', null, 'Y', null, null, null, null, 'Y', null, 'N', 'N', 'N', null, '0', null, null, null, '2016-12-15 09:48:57', 0);
INSERT INTO md_property (id, versiontype, name, displayname, description, help, classid, defaultvalue, attrminvalue, attrmaxvalue, fixedlength, attrlength, precise, datatype, datatypestyle, nullable, customattr, calculation, readonly, visibility, accessorclassname, attrsequence, hided, refmodelname, isactive, creator, modifier, createtime, modifytime, isauthen, resid, dynamicattr, notserialize, accesspower, accesspowergroup, industry, createindustry, tenantid, dynamictable, ts, dr) VALUES ('2b8fdeeb-577c-417d-8e90-627b8fed67e6', 0, 'institid', '主键', null, null, '6578c47e-3b55-4c9f-9c22-a9bfad79d8cb', null, null, null, 'N', 36, 0, 'BS000010000100001051', 300, 'N', 'N', 'N', 'N', 0, null, 0, 'N', null, 'Y', null, null, null, null, 'Y', null, 'N', 'N', 'N', null, '0', null, null, null, '2016-12-15 09:49:11', 0);
INSERT INTO md_property (id, versiontype, name, displayname, description, help, classid, defaultvalue, attrminvalue, attrmaxvalue, fixedlength, attrlength, precise, datatype, datatypestyle, nullable, customattr, calculation, readonly, visibility, accessorclassname, attrsequence, hided, refmodelname, isactive, creator, modifier, createtime, modifytime, isauthen, resid, dynamicattr, notserialize, accesspower, accesspowergroup, industry, createindustry, tenantid, dynamictable, ts, dr) VALUES ('b1f3b2c3-8139-4135-bb4e-4430540404d2', 0, 'institcode', '编码', null, null, '6578c47e-3b55-4c9f-9c22-a9bfad79d8cb', null, null, null, 'N', 200, 0, 'BS000010000100001001', 300, 'N', 'N', 'N', 'N', 0, null, 1, 'N', null, 'Y', null, null, null, null, 'Y', null, 'N', 'N', 'N', null, '0', null, null, null, '2016-12-15 09:49:11', 0);
INSERT INTO md_property (id, versiontype, name, displayname, description, help, classid, defaultvalue, attrminvalue, attrmaxvalue, fixedlength, attrlength, precise, datatype, datatypestyle, nullable, customattr, calculation, readonly, visibility, accessorclassname, attrsequence, hided, refmodelname, isactive, creator, modifier, createtime, modifytime, isauthen, resid, dynamicattr, notserialize, accesspower, accesspowergroup, industry, createindustry, tenantid, dynamictable, ts, dr) VALUES ('3910c261-d517-4588-b777-1b9f0e50db50', 0, 'institname', '名称', null, null, '6578c47e-3b55-4c9f-9c22-a9bfad79d8cb', null, null, null, 'N', 200, 0, 'BS000010000100001001', 300, 'N', 'N', 'N', 'N', 0, null, 2, 'N', null, 'Y', null, null, null, null, 'Y', null, 'N', 'N', 'N', null, '0', null, null, null, '2016-12-15 09:49:11', 0);
INSERT INTO md_property (id, versiontype, name, displayname, description, help, classid, defaultvalue, attrminvalue, attrmaxvalue, fixedlength, attrlength, precise, datatype, datatypestyle, nullable, customattr, calculation, readonly, visibility, accessorclassname, attrsequence, hided, refmodelname, isactive, creator, modifier, createtime, modifytime, isauthen, resid, dynamicattr, notserialize, accesspower, accesspowergroup, industry, createindustry, tenantid, dynamictable, ts, dr) VALUES ('aff467e2-1d37-47af-8104-2fb9707609d7', 0, 'shortname', '简称', null, null, '6578c47e-3b55-4c9f-9c22-a9bfad79d8cb', null, null, null, 'N', 50, 0, 'BS000010000100001001', 300, 'Y', 'N', 'N', 'N', 0, null, 3, 'N', null, 'Y', null, null, null, null, 'Y', null, 'N', 'N', 'N', null, '0', null, null, null, '2016-12-15 09:49:11', 0);
INSERT INTO md_property (id, versiontype, name, displayname, description, help, classid, defaultvalue, attrminvalue, attrmaxvalue, fixedlength, attrlength, precise, datatype, datatypestyle, nullable, customattr, calculation, readonly, visibility, accessorclassname, attrsequence, hided, refmodelname, isactive, creator, modifier, createtime, modifytime, isauthen, resid, dynamicattr, notserialize, accesspower, accesspowergroup, industry, createindustry, tenantid, dynamictable, ts, dr) VALUES ('61f33f2c-802e-4b7a-b5a6-17ad552cd6e3', 0, 'instittype', '类型', null, null, '6578c47e-3b55-4c9f-9c22-a9bfad79d8cb', null, null, null, 'N', 10, 0, 'BS000010000100001001', 300, 'Y', 'N', 'N', 'N', 0, null, 4, 'N', null, 'Y', null, null, null, null, 'Y', null, 'N', 'N', 'N', null, '0', null, null, null, '2016-12-15 09:49:11', 0);
INSERT INTO md_property (id, versiontype, name, displayname, description, help, classid, defaultvalue, attrminvalue, attrmaxvalue, fixedlength, attrlength, precise, datatype, datatypestyle, nullable, customattr, calculation, readonly, visibility, accessorclassname, attrsequence, hided, refmodelname, isactive, creator, modifier, createtime, modifytime, isauthen, resid, dynamicattr, notserialize, accesspower, accesspowergroup, industry, createindustry, tenantid, dynamictable, ts, dr) VALUES ('1b1d0fdd-ece0-40ca-8702-133a6c6f99f4', 0, 'email', '邮箱', null, null, '6578c47e-3b55-4c9f-9c22-a9bfad79d8cb', null, null, null, 'N', 50, 0, 'BS000010000100001001', 300, 'Y', 'N', 'N', 'N', 0, null, 5, 'N', null, 'Y', null, null, null, null, 'Y', null, 'N', 'N', 'N', null, '0', null, null, null, '2016-12-15 09:49:11', 0);
INSERT INTO md_property (id, versiontype, name, displayname, description, help, classid, defaultvalue, attrminvalue, attrmaxvalue, fixedlength, attrlength, precise, datatype, datatypestyle, nullable, customattr, calculation, readonly, visibility, accessorclassname, attrsequence, hided, refmodelname, isactive, creator, modifier, createtime, modifytime, isauthen, resid, dynamicattr, notserialize, accesspower, accesspowergroup, industry, createindustry, tenantid, dynamictable, ts, dr) VALUES ('2c3c1f2b-2c3c-49f9-b7fe-fcff773f4749', 0, 'parentid', '上级ID', null, null, '6578c47e-3b55-4c9f-9c22-a9bfad79d8cb', null, null, null, 'N', 36, 0, '6578c47e-3b55-4c9f-9c22-a9bfad79d8cb', 305, 'Y', 'N', 'N', 'N', 0, null, 6, 'N', null, 'Y', null, null, null, null, 'Y', null, 'N', 'N', 'N', null, '0', null, null, null, '2016-12-15 09:49:11', 0);
INSERT INTO md_property (id, versiontype, name, displayname, description, help, classid, defaultvalue, attrminvalue, attrmaxvalue, fixedlength, attrlength, precise, datatype, datatypestyle, nullable, customattr, calculation, readonly, visibility, accessorclassname, attrsequence, hided, refmodelname, isactive, creator, modifier, createtime, modifytime, isauthen, resid, dynamicattr, notserialize, accesspower, accesspowergroup, industry, createindustry, tenantid, dynamictable, ts, dr) VALUES ('d028afd2-12f1-4668-b4ac-fce669edd72e', 0, 'creator', '创建人', null, null, '6578c47e-3b55-4c9f-9c22-a9bfad79d8cb', null, null, null, 'N', 20, 0, 'BS000010000100001001', 300, 'Y', 'N', 'N', 'N', 0, null, 7, 'N', null, 'Y', null, null, null, null, 'Y', null, 'N', 'N', 'N', null, '0', null, null, null, '2016-12-15 09:49:11', 0);
INSERT INTO md_property (id, versiontype, name, displayname, description, help, classid, defaultvalue, attrminvalue, attrmaxvalue, fixedlength, attrlength, precise, datatype, datatypestyle, nullable, customattr, calculation, readonly, visibility, accessorclassname, attrsequence, hided, refmodelname, isactive, creator, modifier, createtime, modifytime, isauthen, resid, dynamicattr, notserialize, accesspower, accesspowergroup, industry, createindustry, tenantid, dynamictable, ts, dr) VALUES ('91aeb35e-ed3b-408a-ad3b-de0df96bf343', 0, 'creationtime', '创建时间', null, null, '6578c47e-3b55-4c9f-9c22-a9bfad79d8cb', null, null, null, 'N', 0, 0, 'BS000010000100001034', 300, 'Y', 'N', 'N', 'N', 0, null, 8, 'N', null, 'Y', null, null, null, null, 'Y', null, 'N', 'N', 'N', null, '0', null, null, null, '2016-12-15 09:49:11', 0);
INSERT INTO md_property (id, versiontype, name, displayname, description, help, classid, defaultvalue, attrminvalue, attrmaxvalue, fixedlength, attrlength, precise, datatype, datatypestyle, nullable, customattr, calculation, readonly, visibility, accessorclassname, attrsequence, hided, refmodelname, isactive, creator, modifier, createtime, modifytime, isauthen, resid, dynamicattr, notserialize, accesspower, accesspowergroup, industry, createindustry, tenantid, dynamictable, ts, dr) VALUES ('bc9aa608-9761-450a-a718-7feaa0df2429', 0, 'orgid', '主键', null, null, '8254a6a2-5933-422e-b4bb-f13d1d22108a', null, null, null, 'N', 36, 0, 'BS000010000100001051', 300, 'N', 'N', 'N', 'N', 0, null, 0, 'N', null, 'Y', null, null, null, null, 'Y', null, 'N', 'N', 'N', null, '0', null, null, null, '2016-12-15 09:49:03', 0);
INSERT INTO md_property (id, versiontype, name, displayname, description, help, classid, defaultvalue, attrminvalue, attrmaxvalue, fixedlength, attrlength, precise, datatype, datatypestyle, nullable, customattr, calculation, readonly, visibility, accessorclassname, attrsequence, hided, refmodelname, isactive, creator, modifier, createtime, modifytime, isauthen, resid, dynamicattr, notserialize, accesspower, accesspowergroup, industry, createindustry, tenantid, dynamictable, ts, dr) VALUES ('3d4a2c45-4188-4ad8-b756-01a264d35930', 0, 'orgcode', '编码', null, null, '8254a6a2-5933-422e-b4bb-f13d1d22108a', null, null, null, 'N', 200, 0, 'BS000010000100001001', 300, 'N', 'N', 'N', 'N', 0, null, 1, 'N', null, 'Y', null, null, null, null, 'Y', null, 'N', 'N', 'N', null, '0', null, null, null, '2016-12-15 09:49:03', 0);
INSERT INTO md_property (id, versiontype, name, displayname, description, help, classid, defaultvalue, attrminvalue, attrmaxvalue, fixedlength, attrlength, precise, datatype, datatypestyle, nullable, customattr, calculation, readonly, visibility, accessorclassname, attrsequence, hided, refmodelname, isactive, creator, modifier, createtime, modifytime, isauthen, resid, dynamicattr, notserialize, accesspower, accesspowergroup, industry, createindustry, tenantid, dynamictable, ts, dr) VALUES ('3b9daffc-4b2b-43f5-ac61-c300096d535e', 0, 'orgname', '名称', null, null, '8254a6a2-5933-422e-b4bb-f13d1d22108a', null, null, null, 'N', 200, 0, 'BS000010000100001001', 300, 'N', 'N', 'N', 'N', 0, null, 2, 'N', null, 'Y', null, null, null, null, 'Y', null, 'N', 'N', 'N', null, '0', null, null, null, '2016-12-15 09:49:03', 0);
INSERT INTO md_property (id, versiontype, name, displayname, description, help, classid, defaultvalue, attrminvalue, attrmaxvalue, fixedlength, attrlength, precise, datatype, datatypestyle, nullable, customattr, calculation, readonly, visibility, accessorclassname, attrsequence, hided, refmodelname, isactive, creator, modifier, createtime, modifytime, isauthen, resid, dynamicattr, notserialize, accesspower, accesspowergroup, industry, createindustry, tenantid, dynamictable, ts, dr) VALUES ('d1c99f13-0e46-458e-94c9-65451b55724e', 0, 'shortname', '简称', null, null, '8254a6a2-5933-422e-b4bb-f13d1d22108a', null, null, null, 'N', 50, 0, 'BS000010000100001001', 300, 'Y', 'N', 'N', 'N', 0, null, 3, 'N', null, 'Y', null, null, null, null, 'Y', null, 'N', 'N', 'N', null, '0', null, null, null, '2016-12-15 09:49:03', 0);
INSERT INTO md_property (id, versiontype, name, displayname, description, help, classid, defaultvalue, attrminvalue, attrmaxvalue, fixedlength, attrlength, precise, datatype, datatypestyle, nullable, customattr, calculation, readonly, visibility, accessorclassname, attrsequence, hided, refmodelname, isactive, creator, modifier, createtime, modifytime, isauthen, resid, dynamicattr, notserialize, accesspower, accesspowergroup, industry, createindustry, tenantid, dynamictable, ts, dr) VALUES ('a523ce91-796f-41a7-bf3a-6b4fc752e3fc', 0, 'orgtype', '类型', null, null, '8254a6a2-5933-422e-b4bb-f13d1d22108a', null, null, null, 'N', 10, 0, 'BS000010000100001001', 300, 'Y', 'N', 'N', 'N', 0, null, 4, 'N', null, 'Y', null, null, null, null, 'Y', null, 'N', 'N', 'N', null, '0', null, null, null, '2016-12-15 09:49:03', 0);
INSERT INTO md_property (id, versiontype, name, displayname, description, help, classid, defaultvalue, attrminvalue, attrmaxvalue, fixedlength, attrlength, precise, datatype, datatypestyle, nullable, customattr, calculation, readonly, visibility, accessorclassname, attrsequence, hided, refmodelname, isactive, creator, modifier, createtime, modifytime, isauthen, resid, dynamicattr, notserialize, accesspower, accesspowergroup, industry, createindustry, tenantid, dynamictable, ts, dr) VALUES ('dbcb31c7-fb04-41d9-ae97-0e100dc3a6c4', 0, 'email', '邮箱', null, null, '8254a6a2-5933-422e-b4bb-f13d1d22108a', null, null, null, 'N', 50, 0, 'BS000010000100001001', 300, 'Y', 'N', 'N', 'N', 0, null, 5, 'N', null, 'Y', null, null, null, null, 'Y', null, 'N', 'N', 'N', null, '0', null, null, null, '2016-12-15 09:49:03', 0);
INSERT INTO md_property (id, versiontype, name, displayname, description, help, classid, defaultvalue, attrminvalue, attrmaxvalue, fixedlength, attrlength, precise, datatype, datatypestyle, nullable, customattr, calculation, readonly, visibility, accessorclassname, attrsequence, hided, refmodelname, isactive, creator, modifier, createtime, modifytime, isauthen, resid, dynamicattr, notserialize, accesspower, accesspowergroup, industry, createindustry, tenantid, dynamictable, ts, dr) VALUES ('de44d0af-7538-41dd-8efd-a5b11940ba25', 0, 'parentid', '上级ID', null, null, '8254a6a2-5933-422e-b4bb-f13d1d22108a', null, null, null, 'N', 36, 0, '8254a6a2-5933-422e-b4bb-f13d1d22108a', 305, 'Y', 'N', 'N', 'N', 0, null, 6, 'N', null, 'Y', null, null, null, null, 'Y', null, 'N', 'N', 'N', null, '0', null, null, null, '2016-12-15 09:49:03', 0);
INSERT INTO md_property (id, versiontype, name, displayname, description, help, classid, defaultvalue, attrminvalue, attrmaxvalue, fixedlength, attrlength, precise, datatype, datatypestyle, nullable, customattr, calculation, readonly, visibility, accessorclassname, attrsequence, hided, refmodelname, isactive, creator, modifier, createtime, modifytime, isauthen, resid, dynamicattr, notserialize, accesspower, accesspowergroup, industry, createindustry, tenantid, dynamictable, ts, dr) VALUES ('b9c2a196-8696-41e0-b829-933a1baeeef6', 0, 'creator', '创建人', null, null, '8254a6a2-5933-422e-b4bb-f13d1d22108a', null, null, null, 'N', 20, 0, 'BS000010000100001001', 300, 'Y', 'N', 'N', 'N', 0, null, 7, 'N', null, 'Y', null, null, null, null, 'Y', null, 'N', 'N', 'N', null, '0', null, null, null, '2016-12-15 09:49:03', 0);
INSERT INTO md_property (id, versiontype, name, displayname, description, help, classid, defaultvalue, attrminvalue, attrmaxvalue, fixedlength, attrlength, precise, datatype, datatypestyle, nullable, customattr, calculation, readonly, visibility, accessorclassname, attrsequence, hided, refmodelname, isactive, creator, modifier, createtime, modifytime, isauthen, resid, dynamicattr, notserialize, accesspower, accesspowergroup, industry, createindustry, tenantid, dynamictable, ts, dr) VALUES ('2acf6d81-abfe-4e69-994e-677077811aaf', 0, 'creationtime', '创建时间', null, null, '8254a6a2-5933-422e-b4bb-f13d1d22108a', null, null, null, 'N', 0, 0, 'BS000010000100001034', 300, 'Y', 'N', 'N', 'N', 0, null, 8, 'N', null, 'Y', null, null, null, null, 'Y', null, 'N', 'N', 'N', null, '0', null, null, null, '2016-12-15 09:49:03', 0);
INSERT INTO md_property (id, versiontype, name, displayname, description, help, classid, defaultvalue, attrminvalue, attrmaxvalue, fixedlength, attrlength, precise, datatype, datatypestyle, nullable, customattr, calculation, readonly, visibility, accessorclassname, attrsequence, hided, refmodelname, isactive, creator, modifier, createtime, modifytime, isauthen, resid, dynamicattr, notserialize, accesspower, accesspowergroup, industry, createindustry, tenantid, dynamictable, ts, dr) VALUES ('03fd3103-1d97-43ea-a122-9e0cc1196359', 0, 'pk_dept', '部门主键', null, null, '17ffb644-c70c-48de-a47f-c5b53f75460f', null, null, null, 'N', 36, 0, 'BS000010000100001051', 300, 'N', 'N', 'N', 'N', 0, null, 0, 'N', null, 'Y', null, null, null, null, 'Y', null, 'N', 'N', 'N', null, '0', null, null, null, '2016-12-15 09:49:04', 0);
INSERT INTO md_property (id, versiontype, name, displayname, description, help, classid, defaultvalue, attrminvalue, attrmaxvalue, fixedlength, attrlength, precise, datatype, datatypestyle, nullable, customattr, calculation, readonly, visibility, accessorclassname, attrsequence, hided, refmodelname, isactive, creator, modifier, createtime, modifytime, isauthen, resid, dynamicattr, notserialize, accesspower, accesspowergroup, industry, createindustry, tenantid, dynamictable, ts, dr) VALUES ('15c7b85a-c745-4c67-b4c9-cb6cb0636aee', 0, 'orgid', '组织ID', null, null, '17ffb644-c70c-48de-a47f-c5b53f75460f', null, null, null, 'N', 50, 0, 'BS000010000100001001', 300, 'N', 'N', 'N', 'N', 0, null, 1, 'N', null, 'Y', null, null, null, null, 'Y', null, 'N', 'N', 'N', null, '0', null, null, null, '2016-12-15 09:49:04', 0);
INSERT INTO md_property (id, versiontype, name, displayname, description, help, classid, defaultvalue, attrminvalue, attrmaxvalue, fixedlength, attrlength, precise, datatype, datatypestyle, nullable, customattr, calculation, readonly, visibility, accessorclassname, attrsequence, hided, refmodelname, isactive, creator, modifier, createtime, modifytime, isauthen, resid, dynamicattr, notserialize, accesspower, accesspowergroup, industry, createindustry, tenantid, dynamictable, ts, dr) VALUES ('1d2bf6da-8442-45f6-9f38-163b8508f7a3', 0, 'deptcode', '编码', null, null, '17ffb644-c70c-48de-a47f-c5b53f75460f', null, null, null, 'N', 40, 0, 'BS000010000100001001', 300, 'N', 'N', 'N', 'N', 0, null, 2, 'N', null, 'Y', null, null, null, null, 'Y', null, 'N', 'N', 'N', null, '0', null, null, null, '2016-12-15 09:49:04', 0);
INSERT INTO md_property (id, versiontype, name, displayname, description, help, classid, defaultvalue, attrminvalue, attrmaxvalue, fixedlength, attrlength, precise, datatype, datatypestyle, nullable, customattr, calculation, readonly, visibility, accessorclassname, attrsequence, hided, refmodelname, isactive, creator, modifier, createtime, modifytime, isauthen, resid, dynamicattr, notserialize, accesspower, accesspowergroup, industry, createindustry, tenantid, dynamictable, ts, dr) VALUES ('f3af0453-4899-43de-8f12-a22d64d2dd64', 0, 'deptname', '名称', null, null, '17ffb644-c70c-48de-a47f-c5b53f75460f', null, null, null, 'N', 50, 0, 'BS000010000100001001', 300, 'Y', 'N', 'N', 'N', 0, null, 3, 'N', null, 'Y', null, null, null, null, 'Y', null, 'N', 'N', 'N', null, '0', null, null, null, '2016-12-15 09:49:04', 0);
INSERT INTO md_property (id, versiontype, name, displayname, description, help, classid, defaultvalue, attrminvalue, attrmaxvalue, fixedlength, attrlength, precise, datatype, datatypestyle, nullable, customattr, calculation, readonly, visibility, accessorclassname, attrsequence, hided, refmodelname, isactive, creator, modifier, createtime, modifytime, isauthen, resid, dynamicattr, notserialize, accesspower, accesspowergroup, industry, createindustry, tenantid, dynamictable, ts, dr) VALUES ('b1b3407c-71a9-4944-ac3e-2e4f1f4a03c4', 0, 'parentid', '上级ID', null, null, '17ffb644-c70c-48de-a47f-c5b53f75460f', null, null, null, 'N', 36, 0, '8254a6a2-5933-422e-b4bb-f13d1d22108a', 305, 'Y', 'N', 'N', 'N', 0, null, 4, 'N', null, 'Y', null, null, null, null, 'Y', null, 'N', 'N', 'N', null, '0', null, null, null, '2016-12-15 09:49:04', 0);
INSERT INTO md_property (id, versiontype, name, displayname, description, help, classid, defaultvalue, attrminvalue, attrmaxvalue, fixedlength, attrlength, precise, datatype, datatypestyle, nullable, customattr, calculation, readonly, visibility, accessorclassname, attrsequence, hided, refmodelname, isactive, creator, modifier, createtime, modifytime, isauthen, resid, dynamicattr, notserialize, accesspower, accesspowergroup, industry, createindustry, tenantid, dynamictable, ts, dr) VALUES ('97a389a7-e8c0-4d0f-9cc3-f1fdfa6ad6e2', 0, 'depttype', '部门类型', null, null, '17ffb644-c70c-48de-a47f-c5b53f75460f', null, null, null, 'N', 20, 0, '4ba9039a-1f79-4d3f-a0e4-3af7a047fcb5', 300, 'Y', 'N', 'N', 'N', 0, null, 5, 'N', null, 'Y', null, null, null, null, 'Y', null, 'N', 'N', 'N', null, '0', null, null, null, '2016-12-15 09:49:04', 0);
INSERT INTO md_property (id, versiontype, name, displayname, description, help, classid, defaultvalue, attrminvalue, attrmaxvalue, fixedlength, attrlength, precise, datatype, datatypestyle, nullable, customattr, calculation, readonly, visibility, accessorclassname, attrsequence, hided, refmodelname, isactive, creator, modifier, createtime, modifytime, isauthen, resid, dynamicattr, notserialize, accesspower, accesspowergroup, industry, createindustry, tenantid, dynamictable, ts, dr) VALUES ('436564d3-0668-41d7-82c2-7d7581eb89c2', 0, 'createdate', '部门成立时间', null, null, '17ffb644-c70c-48de-a47f-c5b53f75460f', null, null, null, 'N', 0, 0, 'BS000010000100001034', 300, 'Y', 'N', 'N', 'N', 0, null, 6, 'N', null, 'Y', null, null, null, null, 'Y', null, 'N', 'N', 'N', null, '0', null, null, null, '2016-12-15 09:49:04', 0);
INSERT INTO md_property (id, versiontype, name, displayname, description, help, classid, defaultvalue, attrminvalue, attrmaxvalue, fixedlength, attrlength, precise, datatype, datatypestyle, nullable, customattr, calculation, readonly, visibility, accessorclassname, attrsequence, hided, refmodelname, isactive, creator, modifier, createtime, modifytime, isauthen, resid, dynamicattr, notserialize, accesspower, accesspowergroup, industry, createindustry, tenantid, dynamictable, ts, dr) VALUES ('ef571efd-9627-48c9-b603-a53f022e4fac', 0, 'shortname', '简称', null, null, '17ffb644-c70c-48de-a47f-c5b53f75460f', null, null, null, 'N', 50, 0, '4ba9039a-1f79-4d3f-a0e4-3af7a047fcb5', 300, 'Y', 'N', 'N', 'N', 0, null, 7, 'N', null, 'Y', null, null, null, null, 'Y', null, 'N', 'N', 'N', null, '0', null, null, null, '2016-12-15 09:49:04', 0);
INSERT INTO md_property (id, versiontype, name, displayname, description, help, classid, defaultvalue, attrminvalue, attrmaxvalue, fixedlength, attrlength, precise, datatype, datatypestyle, nullable, customattr, calculation, readonly, visibility, accessorclassname, attrsequence, hided, refmodelname, isactive, creator, modifier, createtime, modifytime, isauthen, resid, dynamicattr, notserialize, accesspower, accesspowergroup, industry, createindustry, tenantid, dynamictable, ts, dr) VALUES ('f462f724-4591-45a5-9a38-6394b565be21', 0, 'creator', '创建人', null, null, '17ffb644-c70c-48de-a47f-c5b53f75460f', null, null, null, 'N', 20, 0, 'BS000010000100001001', 300, 'Y', 'N', 'N', 'N', 0, null, 8, 'N', null, 'Y', null, null, null, null, 'Y', null, 'N', 'N', 'N', null, '0', null, null, null, '2016-12-15 09:49:04', 0);
INSERT INTO md_property (id, versiontype, name, displayname, description, help, classid, defaultvalue, attrminvalue, attrmaxvalue, fixedlength, attrlength, precise, datatype, datatypestyle, nullable, customattr, calculation, readonly, visibility, accessorclassname, attrsequence, hided, refmodelname, isactive, creator, modifier, createtime, modifytime, isauthen, resid, dynamicattr, notserialize, accesspower, accesspowergroup, industry, createindustry, tenantid, dynamictable, ts, dr) VALUES ('b791309c-0acf-4689-81ed-1b9fa2273126', 0, 'creationtime', '创建时间', null, null, '17ffb644-c70c-48de-a47f-c5b53f75460f', null, null, null, 'N', 0, 0, 'BS000010000100001034', 300, 'Y', 'N', 'N', 'N', 0, null, 9, 'N', null, 'Y', null, null, null, null, 'Y', null, 'N', 'N', 'N', null, '0', null, null, null, '2016-12-15 09:49:04', 0);
INSERT INTO md_property (id, versiontype, name, displayname, description, help, classid, defaultvalue, attrminvalue, attrmaxvalue, fixedlength, attrlength, precise, datatype, datatypestyle, nullable, customattr, calculation, readonly, visibility, accessorclassname, attrsequence, hided, refmodelname, isactive, creator, modifier, createtime, modifytime, isauthen, resid, dynamicattr, notserialize, accesspower, accesspowergroup, industry, createindustry, tenantid, dynamictable, ts, dr) VALUES ('c80f1798-ce8e-43c4-9cd4-ba2e2c4950d1', 0, 'deptcanceldate', '部门撤销日期', null, null, '17ffb644-c70c-48de-a47f-c5b53f75460f', null, null, null, 'N', 0, 0, 'BS000010000100001034', 300, 'Y', 'N', 'N', 'N', 0, null, 10, 'N', null, 'Y', null, null, null, null, 'Y', null, 'N', 'N', 'N', null, '0', null, null, null, '2016-12-15 09:49:04', 0);
INSERT INTO md_property (id, versiontype, name, displayname, description, help, classid, defaultvalue, attrminvalue, attrmaxvalue, fixedlength, attrlength, precise, datatype, datatypestyle, nullable, customattr, calculation, readonly, visibility, accessorclassname, attrsequence, hided, refmodelname, isactive, creator, modifier, createtime, modifytime, isauthen, resid, dynamicattr, notserialize, accesspower, accesspowergroup, industry, createindustry, tenantid, dynamictable, ts, dr) VALUES ('01a74741-fa52-477a-a58e-5565db36de0b', 0, 'id', '主键', null, null, 'af352b2f-4281-4f55-92e5-fdd095bbdff5', null, null, null, 'N', 36, 0, 'BS000010000100001051', 300, 'N', 'N', 'N', 'N', 0, null, 0, 'N', null, 'Y', null, null, null, null, 'Y', null, 'N', 'N', 'N', null, '0', null, null, null, '2016-12-15 09:49:05', 0);
INSERT INTO md_property (id, versiontype, name, displayname, description, help, classid, defaultvalue, attrminvalue, attrmaxvalue, fixedlength, attrlength, precise, datatype, datatypestyle, nullable, customattr, calculation, readonly, visibility, accessorclassname, attrsequence, hided, refmodelname, isactive, creator, modifier, createtime, modifytime, isauthen, resid, dynamicattr, notserialize, accesspower, accesspowergroup, industry, createindustry, tenantid, dynamictable, ts, dr) VALUES ('7fc16fb0-71ee-4daf-951b-e524a0051bc7', 0, 'orgid', '所属组织ID', null, null, 'af352b2f-4281-4f55-92e5-fdd095bbdff5', null, null, null, 'N', 36, 0, '8254a6a2-5933-422e-b4bb-f13d1d22108a', 305, 'N', 'N', 'N', 'N', 0, null, 1, 'N', null, 'Y', null, null, null, null, 'Y', null, 'N', 'N', 'N', null, '0', null, null, null, '2016-12-15 09:49:05', 0);
INSERT INTO md_property (id, versiontype, name, displayname, description, help, classid, defaultvalue, attrminvalue, attrmaxvalue, fixedlength, attrlength, precise, datatype, datatypestyle, nullable, customattr, calculation, readonly, visibility, accessorclassname, attrsequence, hided, refmodelname, isactive, creator, modifier, createtime, modifytime, isauthen, resid, dynamicattr, notserialize, accesspower, accesspowergroup, industry, createindustry, tenantid, dynamictable, ts, dr) VALUES ('58a39057-473f-41c1-b5c3-7ea443f4c21c', 0, 'orgname', '所属组织名称', null, null, 'af352b2f-4281-4f55-92e5-fdd095bbdff5', null, null, null, 'N', 64, 0, 'BS000010000100001001', 300, 'Y', 'N', 'N', 'N', 0, null, 2, 'N', null, 'Y', null, null, null, null, 'Y', null, 'N', 'N', 'N', null, '0', null, null, null, '2016-12-15 09:49:05', 0);
INSERT INTO md_property (id, versiontype, name, displayname, description, help, classid, defaultvalue, attrminvalue, attrmaxvalue, fixedlength, attrlength, precise, datatype, datatypestyle, nullable, customattr, calculation, readonly, visibility, accessorclassname, attrsequence, hided, refmodelname, isactive, creator, modifier, createtime, modifytime, isauthen, resid, dynamicattr, notserialize, accesspower, accesspowergroup, industry, createindustry, tenantid, dynamictable, ts, dr) VALUES ('8c9097b4-ca4c-4514-83f1-fe2516e0e0b7', 0, 'loginname', '登录名称', null, null, 'af352b2f-4281-4f55-92e5-fdd095bbdff5', null, null, null, 'N', 64, 0, 'BS000010000100001001', 300, 'Y', 'N', 'N', 'N', 0, null, 3, 'N', null, 'Y', null, null, null, null, 'Y', null, 'N', 'N', 'N', null, '0', null, null, null, '2016-12-15 09:49:05', 0);
INSERT INTO md_property (id, versiontype, name, displayname, description, help, classid, defaultvalue, attrminvalue, attrmaxvalue, fixedlength, attrlength, precise, datatype, datatypestyle, nullable, customattr, calculation, readonly, visibility, accessorclassname, attrsequence, hided, refmodelname, isactive, creator, modifier, createtime, modifytime, isauthen, resid, dynamicattr, notserialize, accesspower, accesspowergroup, industry, createindustry, tenantid, dynamictable, ts, dr) VALUES ('0059ad75-9454-44df-ac06-cb1b7c28dc33', 0, 'username', '用户名称', null, null, 'af352b2f-4281-4f55-92e5-fdd095bbdff5', null, null, null, 'N', 20, 0, 'BS000010000100001001', 300, 'Y', 'N', 'N', 'N', 0, null, 4, 'N', null, 'Y', null, null, null, null, 'Y', null, 'N', 'N', 'N', null, '0', null, null, null, '2016-12-15 09:49:05', 0);
INSERT INTO md_property (id, versiontype, name, displayname, description, help, classid, defaultvalue, attrminvalue, attrmaxvalue, fixedlength, attrlength, precise, datatype, datatypestyle, nullable, customattr, calculation, readonly, visibility, accessorclassname, attrsequence, hided, refmodelname, isactive, creator, modifier, createtime, modifytime, isauthen, resid, dynamicattr, notserialize, accesspower, accesspowergroup, industry, createindustry, tenantid, dynamictable, ts, dr) VALUES ('36b393d0-a21b-45cc-914e-7cb595634c6f', 0, 'usercode', '用户编码', null, null, 'af352b2f-4281-4f55-92e5-fdd095bbdff5', null, null, null, 'N', 32, 0, 'BS000010000100001001', 300, 'Y', 'N', 'N', 'N', 0, null, 5, 'N', null, 'Y', null, null, null, null, 'Y', null, 'N', 'N', 'N', null, '0', null, null, null, '2016-12-15 09:49:05', 0);
INSERT INTO md_property (id, versiontype, name, displayname, description, help, classid, defaultvalue, attrminvalue, attrmaxvalue, fixedlength, attrlength, precise, datatype, datatypestyle, nullable, customattr, calculation, readonly, visibility, accessorclassname, attrsequence, hided, refmodelname, isactive, creator, modifier, createtime, modifytime, isauthen, resid, dynamicattr, notserialize, accesspower, accesspowergroup, industry, createindustry, tenantid, dynamictable, ts, dr) VALUES ('1a90d15e-9500-41e8-a105-2bb953dfd41e', 0, 'sexid', '性别ID', null, null, 'af352b2f-4281-4f55-92e5-fdd095bbdff5', null, null, null, 'N', 50, 0, '90c3c346-8efe-4e48-b892-23e7b2d5f096', 300, 'Y', 'N', 'N', 'N', 0, null, 6, 'N', null, 'Y', null, null, null, null, 'Y', null, 'N', 'N', 'N', null, '0', null, null, null, '2016-12-15 09:49:05', 0);
INSERT INTO md_property (id, versiontype, name, displayname, description, help, classid, defaultvalue, attrminvalue, attrmaxvalue, fixedlength, attrlength, precise, datatype, datatypestyle, nullable, customattr, calculation, readonly, visibility, accessorclassname, attrsequence, hided, refmodelname, isactive, creator, modifier, createtime, modifytime, isauthen, resid, dynamicattr, notserialize, accesspower, accesspowergroup, industry, createindustry, tenantid, dynamictable, ts, dr) VALUES ('d5d9c875-0578-4c85-a1cd-c0c2b7f7de90', 0, 'userpassword', '登录密码', null, null, 'af352b2f-4281-4f55-92e5-fdd095bbdff5', null, null, null, 'N', 64, 0, 'BS000010000100001001', 300, 'Y', 'N', 'N', 'N', 0, null, 7, 'N', null, 'Y', null, null, null, null, 'Y', null, 'N', 'N', 'N', null, '0', null, null, null, '2016-12-15 09:49:05', 0);
INSERT INTO md_property (id, versiontype, name, displayname, description, help, classid, defaultvalue, attrminvalue, attrmaxvalue, fixedlength, attrlength, precise, datatype, datatypestyle, nullable, customattr, calculation, readonly, visibility, accessorclassname, attrsequence, hided, refmodelname, isactive, creator, modifier, createtime, modifytime, isauthen, resid, dynamicattr, notserialize, accesspower, accesspowergroup, industry, createindustry, tenantid, dynamictable, ts, dr) VALUES ('4b13d325-c5b3-46c0-a9f3-74cfa74e3c6e', 0, 'useremail', '用户邮件', null, null, 'af352b2f-4281-4f55-92e5-fdd095bbdff5', null, null, null, 'N', 64, 0, 'BS000010000100001001', 300, 'Y', 'N', 'N', 'N', 0, null, 8, 'N', null, 'Y', null, null, null, null, 'Y', null, 'N', 'N', 'N', null, '0', null, null, null, '2016-12-15 09:49:05', 0);
INSERT INTO md_property (id, versiontype, name, displayname, description, help, classid, defaultvalue, attrminvalue, attrmaxvalue, fixedlength, attrlength, precise, datatype, datatypestyle, nullable, customattr, calculation, readonly, visibility, accessorclassname, attrsequence, hided, refmodelname, isactive, creator, modifier, createtime, modifytime, isauthen, resid, dynamicattr, notserialize, accesspower, accesspowergroup, industry, createindustry, tenantid, dynamictable, ts, dr) VALUES ('6d90bc4b-a95c-4679-9aee-f38a374403ec', 0, 'usermobile', '用户手机号', null, null, 'af352b2f-4281-4f55-92e5-fdd095bbdff5', null, null, null, 'N', 16, 0, 'BS000010000100001001', 300, 'Y', 'N', 'N', 'N', 0, null, 9, 'N', null, 'Y', null, null, null, null, 'Y', null, 'N', 'N', 'N', null, '0', null, null, null, '2016-12-15 09:49:05', 0);
INSERT INTO md_property (id, versiontype, name, displayname, description, help, classid, defaultvalue, attrminvalue, attrmaxvalue, fixedlength, attrlength, precise, datatype, datatypestyle, nullable, customattr, calculation, readonly, visibility, accessorclassname, attrsequence, hided, refmodelname, isactive, creator, modifier, createtime, modifytime, isauthen, resid, dynamicattr, notserialize, accesspower, accesspowergroup, industry, createindustry, tenantid, dynamictable, ts, dr) VALUES ('2bca9d99-8962-47f0-9c7d-cb5d3a9f87f7', 0, 'certificateid', '证件类型ID', null, null, 'af352b2f-4281-4f55-92e5-fdd095bbdff5', null, null, null, 'N', 1, 0, 'BS000010000100001001', 300, 'Y', 'N', 'N', 'N', 0, null, 10, 'N', null, 'Y', null, null, null, null, 'Y', null, 'N', 'N', 'N', null, '0', null, null, null, '2016-12-15 09:49:05', 0);
INSERT INTO md_property (id, versiontype, name, displayname, description, help, classid, defaultvalue, attrminvalue, attrmaxvalue, fixedlength, attrlength, precise, datatype, datatypestyle, nullable, customattr, calculation, readonly, visibility, accessorclassname, attrsequence, hided, refmodelname, isactive, creator, modifier, createtime, modifytime, isauthen, resid, dynamicattr, notserialize, accesspower, accesspowergroup, industry, createindustry, tenantid, dynamictable, ts, dr) VALUES ('e45cb75f-a4f8-4b8e-a64e-15dc61333510', 0, 'certificatename', '证件类型名称', null, null, 'af352b2f-4281-4f55-92e5-fdd095bbdff5', null, null, null, 'N', 16, 0, 'BS000010000100001001', 300, 'Y', 'N', 'N', 'N', 0, null, 11, 'N', null, 'Y', null, null, null, null, 'Y', null, 'N', 'N', 'N', null, '0', null, null, null, '2016-12-15 09:49:06', 0);
INSERT INTO md_property (id, versiontype, name, displayname, description, help, classid, defaultvalue, attrminvalue, attrmaxvalue, fixedlength, attrlength, precise, datatype, datatypestyle, nullable, customattr, calculation, readonly, visibility, accessorclassname, attrsequence, hided, refmodelname, isactive, creator, modifier, createtime, modifytime, isauthen, resid, dynamicattr, notserialize, accesspower, accesspowergroup, industry, createindustry, tenantid, dynamictable, ts, dr) VALUES ('6af78e6b-21b5-4c7b-8e93-fd1213644b87', 0, 'certificatecode', '证件号码', null, null, 'af352b2f-4281-4f55-92e5-fdd095bbdff5', null, null, null, 'N', 32, 0, 'BS000010000100001001', 300, 'Y', 'N', 'N', 'N', 0, null, 12, 'N', null, 'Y', null, null, null, null, 'Y', null, 'N', 'N', 'N', null, '0', null, null, null, '2016-12-15 09:49:06', 0);
INSERT INTO md_property (id, versiontype, name, displayname, description, help, classid, defaultvalue, attrminvalue, attrmaxvalue, fixedlength, attrlength, precise, datatype, datatypestyle, nullable, customattr, calculation, readonly, visibility, accessorclassname, attrsequence, hided, refmodelname, isactive, creator, modifier, createtime, modifytime, isauthen, resid, dynamicattr, notserialize, accesspower, accesspowergroup, industry, createindustry, tenantid, dynamictable, ts, dr) VALUES ('25e6baab-befa-4f21-ad8a-02b86447987d', 0, 'birthdate', '出生日期', null, null, 'af352b2f-4281-4f55-92e5-fdd095bbdff5', null, null, null, 'N', 0, 0, 'BS000010000100001033', 300, 'Y', 'N', 'N', 'N', 0, null, 13, 'N', null, 'Y', null, null, null, null, 'Y', null, 'N', 'N', 'N', null, '0', null, null, null, '2016-12-15 09:49:06', 0);
INSERT INTO md_property (id, versiontype, name, displayname, description, help, classid, defaultvalue, attrminvalue, attrmaxvalue, fixedlength, attrlength, precise, datatype, datatypestyle, nullable, customattr, calculation, readonly, visibility, accessorclassname, attrsequence, hided, refmodelname, isactive, creator, modifier, createtime, modifytime, isauthen, resid, dynamicattr, notserialize, accesspower, accesspowergroup, industry, createindustry, tenantid, dynamictable, ts, dr) VALUES ('3e4c96c5-dc67-4bbc-bb59-434ad6d24154', 0, 'registerdate', '系统注册日期', null, null, 'af352b2f-4281-4f55-92e5-fdd095bbdff5', null, null, null, 'N', 0, 0, 'BS000010000100001034', 300, 'Y', 'N', 'N', 'N', 0, null, 14, 'N', null, 'Y', null, null, null, null, 'Y', null, 'N', 'N', 'N', null, '0', null, null, null, '2016-12-15 09:49:06', 0);
INSERT INTO md_property (id, versiontype, name, displayname, description, help, classid, defaultvalue, attrminvalue, attrmaxvalue, fixedlength, attrlength, precise, datatype, datatypestyle, nullable, customattr, calculation, readonly, visibility, accessorclassname, attrsequence, hided, refmodelname, isactive, creator, modifier, createtime, modifytime, isauthen, resid, dynamicattr, notserialize, accesspower, accesspowergroup, industry, createindustry, tenantid, dynamictable, ts, dr) VALUES ('3e5cf1cc-0185-48cd-8ac6-f94ce54b9654', 0, 'platformid', '所属平台ID', null, null, 'af352b2f-4281-4f55-92e5-fdd095bbdff5', null, null, null, 'N', 1, 0, 'BS000010000100001001', 300, 'Y', 'N', 'N', 'N', 0, null, 15, 'N', null, 'Y', null, null, null, null, 'Y', null, 'N', 'N', 'N', null, '0', null, null, null, '2016-12-15 09:49:06', 0);
INSERT INTO md_property (id, versiontype, name, displayname, description, help, classid, defaultvalue, attrminvalue, attrmaxvalue, fixedlength, attrlength, precise, datatype, datatypestyle, nullable, customattr, calculation, readonly, visibility, accessorclassname, attrsequence, hided, refmodelname, isactive, creator, modifier, createtime, modifytime, isauthen, resid, dynamicattr, notserialize, accesspower, accesspowergroup, industry, createindustry, tenantid, dynamictable, ts, dr) VALUES ('1bd9c911-de4f-447b-8174-7b1cf7b99bc9', 0, 'platformname', '所属平台名称', null, null, 'af352b2f-4281-4f55-92e5-fdd095bbdff5', null, null, null, 'N', 16, 0, 'BS000010000100001001', 300, 'Y', 'N', 'N', 'N', 0, null, 16, 'N', null, 'Y', null, null, null, null, 'Y', null, 'N', 'N', 'N', null, '0', null, null, null, '2016-12-15 09:49:06', 0);
INSERT INTO md_property (id, versiontype, name, displayname, description, help, classid, defaultvalue, attrminvalue, attrmaxvalue, fixedlength, attrlength, precise, datatype, datatypestyle, nullable, customattr, calculation, readonly, visibility, accessorclassname, attrsequence, hided, refmodelname, isactive, creator, modifier, createtime, modifytime, isauthen, resid, dynamicattr, notserialize, accesspower, accesspowergroup, industry, createindustry, tenantid, dynamictable, ts, dr) VALUES ('d29f3254-56dc-47cf-81a4-513c9923bb1e', 0, 'levelid', '用户级别ID', null, null, 'af352b2f-4281-4f55-92e5-fdd095bbdff5', null, null, null, 'N', 1, 0, 'BS000010000100001001', 300, 'Y', 'N', 'N', 'N', 0, null, 17, 'N', null, 'Y', null, null, null, null, 'Y', null, 'N', 'N', 'N', null, '0', null, null, null, '2016-12-15 09:49:06', 0);
INSERT INTO md_property (id, versiontype, name, displayname, description, help, classid, defaultvalue, attrminvalue, attrmaxvalue, fixedlength, attrlength, precise, datatype, datatypestyle, nullable, customattr, calculation, readonly, visibility, accessorclassname, attrsequence, hided, refmodelname, isactive, creator, modifier, createtime, modifytime, isauthen, resid, dynamicattr, notserialize, accesspower, accesspowergroup, industry, createindustry, tenantid, dynamictable, ts, dr) VALUES ('18c04349-b4a0-47b6-985d-01bd42447ab5', 0, 'levelname', '用户级别名称', null, null, 'af352b2f-4281-4f55-92e5-fdd095bbdff5', null, null, null, 'N', 16, 0, 'BS000010000100001001', 300, 'Y', 'N', 'N', 'N', 0, null, 18, 'N', null, 'Y', null, null, null, null, 'Y', null, 'N', 'N', 'N', null, '0', null, null, null, '2016-12-15 09:49:06', 0);
INSERT INTO md_property (id, versiontype, name, displayname, description, help, classid, defaultvalue, attrminvalue, attrmaxvalue, fixedlength, attrlength, precise, datatype, datatypestyle, nullable, customattr, calculation, readonly, visibility, accessorclassname, attrsequence, hided, refmodelname, isactive, creator, modifier, createtime, modifytime, isauthen, resid, dynamicattr, notserialize, accesspower, accesspowergroup, industry, createindustry, tenantid, dynamictable, ts, dr) VALUES ('0e1332c0-7048-4ba2-b411-77c925f87476', 0, 'imageurl', '电子印章图片地址或头像', null, null, 'af352b2f-4281-4f55-92e5-fdd095bbdff5', null, null, null, 'N', 64, 0, 'BS000010000100001001', 300, 'Y', 'N', 'N', 'N', 0, null, 19, 'N', null, 'Y', null, null, null, null, 'Y', null, 'N', 'N', 'N', null, '0', null, null, null, '2016-12-15 09:49:06', 0);
INSERT INTO md_property (id, versiontype, name, displayname, description, help, classid, defaultvalue, attrminvalue, attrmaxvalue, fixedlength, attrlength, precise, datatype, datatypestyle, nullable, customattr, calculation, readonly, visibility, accessorclassname, attrsequence, hided, refmodelname, isactive, creator, modifier, createtime, modifytime, isauthen, resid, dynamicattr, notserialize, accesspower, accesspowergroup, industry, createindustry, tenantid, dynamictable, ts, dr) VALUES ('3c985562-9508-49d3-bac9-c9e4e67c5992', 0, 'statusid', '状态ID', null, null, 'af352b2f-4281-4f55-92e5-fdd095bbdff5', null, null, null, 'N', 1, 0, 'BS000010000100001001', 300, 'Y', 'N', 'N', 'N', 0, null, 20, 'N', null, 'Y', null, null, null, null, 'Y', null, 'N', 'N', 'N', null, '0', null, null, null, '2016-12-15 09:49:06', 0);
INSERT INTO md_property (id, versiontype, name, displayname, description, help, classid, defaultvalue, attrminvalue, attrmaxvalue, fixedlength, attrlength, precise, datatype, datatypestyle, nullable, customattr, calculation, readonly, visibility, accessorclassname, attrsequence, hided, refmodelname, isactive, creator, modifier, createtime, modifytime, isauthen, resid, dynamicattr, notserialize, accesspower, accesspowergroup, industry, createindustry, tenantid, dynamictable, ts, dr) VALUES ('c28b13d4-d7ff-4d21-944b-554b02f1e247', 0, 'statusname', '状态姓名', null, null, 'af352b2f-4281-4f55-92e5-fdd095bbdff5', null, null, null, 'N', 16, 0, 'BS000010000100001001', 300, 'Y', 'N', 'N', 'N', 0, null, 21, 'N', null, 'Y', null, null, null, null, 'Y', null, 'N', 'N', 'N', null, '0', null, null, null, '2016-12-15 09:49:06', 0);
INSERT INTO md_property (id, versiontype, name, displayname, description, help, classid, defaultvalue, attrminvalue, attrmaxvalue, fixedlength, attrlength, precise, datatype, datatypestyle, nullable, customattr, calculation, readonly, visibility, accessorclassname, attrsequence, hided, refmodelname, isactive, creator, modifier, createtime, modifytime, isauthen, resid, dynamicattr, notserialize, accesspower, accesspowergroup, industry, createindustry, tenantid, dynamictable, ts, dr) VALUES ('bdc6bca4-4884-487f-838f-addc10d33f64', 0, 'remark', '备注', null, null, 'af352b2f-4281-4f55-92e5-fdd095bbdff5', null, null, null, 'N', 512, 0, 'BS000010000100001001', 300, 'Y', 'N', 'N', 'N', 0, null, 22, 'N', null, 'Y', null, null, null, null, 'Y', null, 'N', 'N', 'N', null, '0', null, null, null, '2016-12-15 09:49:06', 0);
INSERT INTO md_property (id, versiontype, name, displayname, description, help, classid, defaultvalue, attrminvalue, attrmaxvalue, fixedlength, attrlength, precise, datatype, datatypestyle, nullable, customattr, calculation, readonly, visibility, accessorclassname, attrsequence, hided, refmodelname, isactive, creator, modifier, createtime, modifytime, isauthen, resid, dynamicattr, notserialize, accesspower, accesspowergroup, industry, createindustry, tenantid, dynamictable, ts, dr) VALUES ('98b3975e-872a-40e4-8496-3c9b965ad609', 0, 'creatorid', '创建人ID', null, null, 'af352b2f-4281-4f55-92e5-fdd095bbdff5', null, null, null, 'N', 40, 0, 'BS000010000100001001', 300, 'Y', 'N', 'N', 'N', 0, null, 23, 'N', null, 'Y', null, null, null, null, 'Y', null, 'N', 'N', 'N', null, '0', null, null, null, '2016-12-15 09:49:06', 0);
INSERT INTO md_property (id, versiontype, name, displayname, description, help, classid, defaultvalue, attrminvalue, attrmaxvalue, fixedlength, attrlength, precise, datatype, datatypestyle, nullable, customattr, calculation, readonly, visibility, accessorclassname, attrsequence, hided, refmodelname, isactive, creator, modifier, createtime, modifytime, isauthen, resid, dynamicattr, notserialize, accesspower, accesspowergroup, industry, createindustry, tenantid, dynamictable, ts, dr) VALUES ('bb25fbc1-7528-45e7-801d-ae413fa1e445', 0, 'creator', '创建人', null, null, 'af352b2f-4281-4f55-92e5-fdd095bbdff5', null, null, null, 'N', 20, 0, 'BS000010000100001001', 300, 'Y', 'N', 'N', 'N', 0, null, 24, 'N', null, 'Y', null, null, null, null, 'Y', null, 'N', 'N', 'N', null, '0', null, null, null, '2016-12-15 09:49:06', 0);
INSERT INTO md_property (id, versiontype, name, displayname, description, help, classid, defaultvalue, attrminvalue, attrmaxvalue, fixedlength, attrlength, precise, datatype, datatypestyle, nullable, customattr, calculation, readonly, visibility, accessorclassname, attrsequence, hided, refmodelname, isactive, creator, modifier, createtime, modifytime, isauthen, resid, dynamicattr, notserialize, accesspower, accesspowergroup, industry, createindustry, tenantid, dynamictable, ts, dr) VALUES ('98e9364b-abc3-4b10-8b32-89c7d295d21d', 0, 'createtime', '创建时间', null, null, 'af352b2f-4281-4f55-92e5-fdd095bbdff5', null, null, null, 'N', 0, 0, 'BS000010000100001034', 300, 'Y', 'N', 'N', 'N', 0, null, 25, 'N', null, 'Y', null, null, null, null, 'Y', null, 'N', 'N', 'N', null, '0', null, null, null, '2016-12-15 09:49:06', 0);
INSERT INTO md_property (id, versiontype, name, displayname, description, help, classid, defaultvalue, attrminvalue, attrmaxvalue, fixedlength, attrlength, precise, datatype, datatypestyle, nullable, customattr, calculation, readonly, visibility, accessorclassname, attrsequence, hided, refmodelname, isactive, creator, modifier, createtime, modifytime, isauthen, resid, dynamicattr, notserialize, accesspower, accesspowergroup, industry, createindustry, tenantid, dynamictable, ts, dr) VALUES ('eae1d63c-46e4-4823-af45-81e75002e245', 0, 'modifierid', '修改人ID', null, null, 'af352b2f-4281-4f55-92e5-fdd095bbdff5', null, null, null, 'N', 40, 0, 'BS000010000100001001', 300, 'Y', 'N', 'N', 'N', 0, null, 26, 'N', null, 'Y', null, null, null, null, 'Y', null, 'N', 'N', 'N', null, '0', null, null, null, '2016-12-15 09:49:06', 0);
INSERT INTO md_property (id, versiontype, name, displayname, description, help, classid, defaultvalue, attrminvalue, attrmaxvalue, fixedlength, attrlength, precise, datatype, datatypestyle, nullable, customattr, calculation, readonly, visibility, accessorclassname, attrsequence, hided, refmodelname, isactive, creator, modifier, createtime, modifytime, isauthen, resid, dynamicattr, notserialize, accesspower, accesspowergroup, industry, createindustry, tenantid, dynamictable, ts, dr) VALUES ('229817f7-6810-4f85-ac65-19410cb2fdc5', 0, 'modifier', '修改人', null, null, 'af352b2f-4281-4f55-92e5-fdd095bbdff5', null, null, null, 'N', 20, 0, 'BS000010000100001001', 300, 'Y', 'N', 'N', 'N', 0, null, 27, 'N', null, 'Y', null, null, null, null, 'Y', null, 'N', 'N', 'N', null, '0', null, null, null, '2016-12-15 09:49:06', 0);
INSERT INTO md_property (id, versiontype, name, displayname, description, help, classid, defaultvalue, attrminvalue, attrmaxvalue, fixedlength, attrlength, precise, datatype, datatypestyle, nullable, customattr, calculation, readonly, visibility, accessorclassname, attrsequence, hided, refmodelname, isactive, creator, modifier, createtime, modifytime, isauthen, resid, dynamicattr, notserialize, accesspower, accesspowergroup, industry, createindustry, tenantid, dynamictable, ts, dr) VALUES ('a6776e2c-c998-4b2e-80df-f140cde809a8', 0, 'modifytime', '修改时间', null, null, 'af352b2f-4281-4f55-92e5-fdd095bbdff5', null, null, null, 'N', 0, 0, 'BS000010000100001034', 300, 'Y', 'N', 'N', 'N', 0, null, 28, 'N', null, 'Y', null, null, null, null, 'Y', null, 'N', 'N', 'N', null, '0', null, null, null, '2016-12-15 09:49:06', 0);
INSERT INTO md_property (id, versiontype, name, displayname, description, help, classid, defaultvalue, attrminvalue, attrmaxvalue, fixedlength, attrlength, precise, datatype, datatypestyle, nullable, customattr, calculation, readonly, visibility, accessorclassname, attrsequence, hided, refmodelname, isactive, creator, modifier, createtime, modifytime, isauthen, resid, dynamicattr, notserialize, accesspower, accesspowergroup, industry, createindustry, tenantid, dynamictable, ts, dr) VALUES ('61c291c3-506c-4673-81da-b1e718e56fbc', 0, 'idsysuserjob', 'idSysUserJob', null, null, 'af352b2f-4281-4f55-92e5-fdd095bbdff5', null, null, null, 'N', 36, 0, 'e37eed0f-507c-4c84-92f5-7c83644844f8', 302, 'Y', 'N', 'N', 'N', 0, null, 29, 'N', null, 'Y', null, null, null, null, 'Y', null, 'N', 'N', 'N', null, '0', null, null, null, '2016-12-15 09:49:06', 0);
INSERT INTO md_property (id, versiontype, name, displayname, description, help, classid, defaultvalue, attrminvalue, attrmaxvalue, fixedlength, attrlength, precise, datatype, datatypestyle, nullable, customattr, calculation, readonly, visibility, accessorclassname, attrsequence, hided, refmodelname, isactive, creator, modifier, createtime, modifytime, isauthen, resid, dynamicattr, notserialize, accesspower, accesspowergroup, industry, createindustry, tenantid, dynamictable, ts, dr) VALUES ('c626af22-65ed-4d02-ac21-9e99ee465a96', 0, 'id', '主键', null, null, 'e37eed0f-507c-4c84-92f5-7c83644844f8', null, null, null, 'N', 36, 0, 'BS000010000100001051', 300, 'N', 'N', 'N', 'N', 0, null, 0, 'N', null, 'Y', null, null, null, null, 'Y', null, 'N', 'N', 'N', null, '0', null, null, null, '2016-12-15 09:49:06', 0);
INSERT INTO md_property (id, versiontype, name, displayname, description, help, classid, defaultvalue, attrminvalue, attrmaxvalue, fixedlength, attrlength, precise, datatype, datatypestyle, nullable, customattr, calculation, readonly, visibility, accessorclassname, attrsequence, hided, refmodelname, isactive, creator, modifier, createtime, modifytime, isauthen, resid, dynamicattr, notserialize, accesspower, accesspowergroup, industry, createindustry, tenantid, dynamictable, ts, dr) VALUES ('073683a2-12c5-4fc2-9008-be234c27c43f', 0, 'orgid', '组织ID', null, null, 'e37eed0f-507c-4c84-92f5-7c83644844f8', null, null, null, 'N', 36, 0, '8254a6a2-5933-422e-b4bb-f13d1d22108a', 305, 'N', 'N', 'N', 'N', 0, null, 1, 'N', null, 'Y', null, null, null, null, 'Y', null, 'N', 'N', 'N', null, '0', null, null, null, '2016-12-15 09:49:06', 0);
INSERT INTO md_property (id, versiontype, name, displayname, description, help, classid, defaultvalue, attrminvalue, attrmaxvalue, fixedlength, attrlength, precise, datatype, datatypestyle, nullable, customattr, calculation, readonly, visibility, accessorclassname, attrsequence, hided, refmodelname, isactive, creator, modifier, createtime, modifytime, isauthen, resid, dynamicattr, notserialize, accesspower, accesspowergroup, industry, createindustry, tenantid, dynamictable, ts, dr) VALUES ('f564d08b-04d2-49d2-8c44-dafa11ec758b', 0, 'deptid', '部门ID', null, null, 'e37eed0f-507c-4c84-92f5-7c83644844f8', null, null, null, 'N', 36, 0, '17ffb644-c70c-48de-a47f-c5b53f75460f', 305, 'N', 'N', 'N', 'N', 0, null, 2, 'N', null, 'Y', null, null, null, null, 'Y', null, 'N', 'N', 'N', null, '0', null, null, null, '2016-12-15 09:49:06', 0);
INSERT INTO md_property (id, versiontype, name, displayname, description, help, classid, defaultvalue, attrminvalue, attrmaxvalue, fixedlength, attrlength, precise, datatype, datatypestyle, nullable, customattr, calculation, readonly, visibility, accessorclassname, attrsequence, hided, refmodelname, isactive, creator, modifier, createtime, modifytime, isauthen, resid, dynamicattr, notserialize, accesspower, accesspowergroup, industry, createindustry, tenantid, dynamictable, ts, dr) VALUES ('40cca0cc-3c5c-433c-88bb-9a3019039677', 0, 'userid', '用户ID', null, null, 'e37eed0f-507c-4c84-92f5-7c83644844f8', null, null, null, 'N', 40, 0, 'BS000010000100001001', 300, 'N', 'N', 'N', 'N', 0, null, 3, 'N', null, 'Y', null, null, null, null, 'Y', null, 'N', 'N', 'N', null, '0', null, null, null, '2016-12-15 09:49:06', 0);
INSERT INTO md_property (id, versiontype, name, displayname, description, help, classid, defaultvalue, attrminvalue, attrmaxvalue, fixedlength, attrlength, precise, datatype, datatypestyle, nullable, customattr, calculation, readonly, visibility, accessorclassname, attrsequence, hided, refmodelname, isactive, creator, modifier, createtime, modifytime, isauthen, resid, dynamicattr, notserialize, accesspower, accesspowergroup, industry, createindustry, tenantid, dynamictable, ts, dr) VALUES ('e4f79765-f9b9-45c2-b3cc-420d67d16687', 0, 'username', '用户名称', null, null, 'e37eed0f-507c-4c84-92f5-7c83644844f8', null, null, null, 'N', 24, 0, 'BS000010000100001001', 300, 'N', 'N', 'N', 'N', 0, null, 4, 'N', null, 'Y', null, null, null, null, 'Y', null, 'N', 'N', 'N', null, '0', null, null, null, '2016-12-15 09:49:06', 0);
INSERT INTO md_property (id, versiontype, name, displayname, description, help, classid, defaultvalue, attrminvalue, attrmaxvalue, fixedlength, attrlength, precise, datatype, datatypestyle, nullable, customattr, calculation, readonly, visibility, accessorclassname, attrsequence, hided, refmodelname, isactive, creator, modifier, createtime, modifytime, isauthen, resid, dynamicattr, notserialize, accesspower, accesspowergroup, industry, createindustry, tenantid, dynamictable, ts, dr) VALUES ('5b5a6192-7d99-4aa8-aa0a-0d7f2aec57a4', 0, 'isactive', '启用状态', null, null, 'e37eed0f-507c-4c84-92f5-7c83644844f8', null, null, null, 'N', 50, 0, 'BS000010000100001001', 300, 'Y', 'N', 'N', 'N', 0, null, 5, 'N', null, 'Y', null, null, null, null, 'Y', null, 'N', 'N', 'N', null, '0', null, null, null, '2016-12-15 09:49:06', 0);
INSERT INTO md_property (id, versiontype, name, displayname, description, help, classid, defaultvalue, attrminvalue, attrmaxvalue, fixedlength, attrlength, precise, datatype, datatypestyle, nullable, customattr, calculation, readonly, visibility, accessorclassname, attrsequence, hided, refmodelname, isactive, creator, modifier, createtime, modifytime, isauthen, resid, dynamicattr, notserialize, accesspower, accesspowergroup, industry, createindustry, tenantid, dynamictable, ts, dr) VALUES ('0c102a47-833e-4081-93f2-75992450e344', 0, 'isdefault', '是否默认职责', null, null, 'e37eed0f-507c-4c84-92f5-7c83644844f8', null, null, null, 'N', 50, 0, 'BS000010000100001001', 300, 'N', 'N', 'N', 'N', 0, null, 6, 'N', null, 'Y', null, null, null, null, 'Y', null, 'N', 'N', 'N', null, '0', null, null, null, '2016-12-15 09:49:06', 0);
INSERT INTO md_property (id, versiontype, name, displayname, description, help, classid, defaultvalue, attrminvalue, attrmaxvalue, fixedlength, attrlength, precise, datatype, datatypestyle, nullable, customattr, calculation, readonly, visibility, accessorclassname, attrsequence, hided, refmodelname, isactive, creator, modifier, createtime, modifytime, isauthen, resid, dynamicattr, notserialize, accesspower, accesspowergroup, industry, createindustry, tenantid, dynamictable, ts, dr) VALUES ('476aa1bb-79da-4e15-868f-c716ddb8be7d', 0, 'userjobnote', '说明', null, null, 'e37eed0f-507c-4c84-92f5-7c83644844f8', null, null, null, 'N', 256, 0, 'BS000010000100001001', 300, 'Y', 'N', 'N', 'N', 0, null, 7, 'N', null, 'Y', null, null, null, null, 'Y', null, 'N', 'N', 'N', null, '0', null, null, null, '2016-12-15 09:49:06', 0);
INSERT INTO md_property (id, versiontype, name, displayname, description, help, classid, defaultvalue, attrminvalue, attrmaxvalue, fixedlength, attrlength, precise, datatype, datatypestyle, nullable, customattr, calculation, readonly, visibility, accessorclassname, attrsequence, hided, refmodelname, isactive, creator, modifier, createtime, modifytime, isauthen, resid, dynamicattr, notserialize, accesspower, accesspowergroup, industry, createindustry, tenantid, dynamictable, ts, dr) VALUES ('5d917a4c-7880-434f-8717-28fb03687cf8', 0, 'creatorid', '创建人ID', null, null, 'e37eed0f-507c-4c84-92f5-7c83644844f8', null, null, null, 'N', 40, 0, 'BS000010000100001001', 300, 'N', 'N', 'N', 'N', 0, null, 8, 'N', null, 'Y', null, null, null, null, 'Y', null, 'N', 'N', 'N', null, '0', null, null, null, '2016-12-15 09:49:06', 0);
INSERT INTO md_property (id, versiontype, name, displayname, description, help, classid, defaultvalue, attrminvalue, attrmaxvalue, fixedlength, attrlength, precise, datatype, datatypestyle, nullable, customattr, calculation, readonly, visibility, accessorclassname, attrsequence, hided, refmodelname, isactive, creator, modifier, createtime, modifytime, isauthen, resid, dynamicattr, notserialize, accesspower, accesspowergroup, industry, createindustry, tenantid, dynamictable, ts, dr) VALUES ('24acc470-cfd0-485e-bd68-bc7976f57c46', 0, 'creator', '创建人', null, null, 'e37eed0f-507c-4c84-92f5-7c83644844f8', null, null, null, 'N', 20, 0, 'BS000010000100001001', 300, 'N', 'N', 'N', 'N', 0, null, 9, 'N', null, 'Y', null, null, null, null, 'Y', null, 'N', 'N', 'N', null, '0', null, null, null, '2016-12-15 09:49:06', 0);
INSERT INTO md_property (id, versiontype, name, displayname, description, help, classid, defaultvalue, attrminvalue, attrmaxvalue, fixedlength, attrlength, precise, datatype, datatypestyle, nullable, customattr, calculation, readonly, visibility, accessorclassname, attrsequence, hided, refmodelname, isactive, creator, modifier, createtime, modifytime, isauthen, resid, dynamicattr, notserialize, accesspower, accesspowergroup, industry, createindustry, tenantid, dynamictable, ts, dr) VALUES ('c0cf284b-9fe7-4620-bc4b-71eb4afb7a7a', 0, 'createtime', '创建时间', null, null, 'e37eed0f-507c-4c84-92f5-7c83644844f8', null, null, null, 'N', 0, 0, 'BS000010000100001034', 300, 'N', 'N', 'N', 'N', 0, null, 10, 'N', null, 'Y', null, null, null, null, 'Y', null, 'N', 'N', 'N', null, '0', null, null, null, '2016-12-15 09:49:06', 0);
INSERT INTO md_property (id, versiontype, name, displayname, description, help, classid, defaultvalue, attrminvalue, attrmaxvalue, fixedlength, attrlength, precise, datatype, datatypestyle, nullable, customattr, calculation, readonly, visibility, accessorclassname, attrsequence, hided, refmodelname, isactive, creator, modifier, createtime, modifytime, isauthen, resid, dynamicattr, notserialize, accesspower, accesspowergroup, industry, createindustry, tenantid, dynamictable, ts, dr) VALUES ('583e4adc-8337-479f-b9fa-3bbef0092d8e', 0, 'modifierid', '修改人ID', null, null, 'e37eed0f-507c-4c84-92f5-7c83644844f8', null, null, null, 'N', 40, 0, 'BS000010000100001001', 300, 'Y', 'N', 'N', 'N', 0, null, 11, 'N', null, 'Y', null, null, null, null, 'Y', null, 'N', 'N', 'N', null, '0', null, null, null, '2016-12-15 09:49:06', 0);
INSERT INTO md_property (id, versiontype, name, displayname, description, help, classid, defaultvalue, attrminvalue, attrmaxvalue, fixedlength, attrlength, precise, datatype, datatypestyle, nullable, customattr, calculation, readonly, visibility, accessorclassname, attrsequence, hided, refmodelname, isactive, creator, modifier, createtime, modifytime, isauthen, resid, dynamicattr, notserialize, accesspower, accesspowergroup, industry, createindustry, tenantid, dynamictable, ts, dr) VALUES ('07a56fb1-3a38-4ed8-a059-5b8701b59491', 0, 'modifier', '修改人', null, null, 'e37eed0f-507c-4c84-92f5-7c83644844f8', null, null, null, 'N', 20, 0, 'BS000010000100001001', 300, 'Y', 'N', 'N', 'N', 0, null, 12, 'N', null, 'Y', null, null, null, null, 'Y', null, 'N', 'N', 'N', null, '0', null, null, null, '2016-12-15 09:49:06', 0);
INSERT INTO md_property (id, versiontype, name, displayname, description, help, classid, defaultvalue, attrminvalue, attrmaxvalue, fixedlength, attrlength, precise, datatype, datatypestyle, nullable, customattr, calculation, readonly, visibility, accessorclassname, attrsequence, hided, refmodelname, isactive, creator, modifier, createtime, modifytime, isauthen, resid, dynamicattr, notserialize, accesspower, accesspowergroup, industry, createindustry, tenantid, dynamictable, ts, dr) VALUES ('38254213-08e2-44fe-b99c-4fb2b623dcff', 0, 'modifytime', '修改时间', null, null, 'e37eed0f-507c-4c84-92f5-7c83644844f8', null, null, null, 'N', 0, 0, 'BS000010000100001034', 300, 'Y', 'N', 'N', 'N', 0, null, 13, 'N', null, 'Y', null, null, null, null, 'Y', null, 'N', 'N', 'N', null, '0', null, null, null, '2016-12-15 09:49:06', 0);
INSERT INTO md_property (id, versiontype, name, displayname, description, help, classid, defaultvalue, attrminvalue, attrmaxvalue, fixedlength, attrlength, precise, datatype, datatypestyle, nullable, customattr, calculation, readonly, visibility, accessorclassname, attrsequence, hided, refmodelname, isactive, creator, modifier, createtime, modifytime, isauthen, resid, dynamicattr, notserialize, accesspower, accesspowergroup, industry, createindustry, tenantid, dynamictable, ts, dr) VALUES ('a38c429f-caeb-413f-8b1f-a3727a75ce4e', 0, 'pkcountry', '主键', null, null, '08ffeabe-e01d-4072-a4c3-025345386ebb', null, null, null, 'N', 36, 0, 'BS000010000100001051', 300, 'N', 'N', 'N', 'N', 0, null, 0, 'N', null, 'Y', null, null, null, null, 'Y', null, 'N', 'N', 'N', null, '0', null, null, null, '2016-12-15 09:49:18', 0);
INSERT INTO md_property (id, versiontype, name, displayname, description, help, classid, defaultvalue, attrminvalue, attrmaxvalue, fixedlength, attrlength, precise, datatype, datatypestyle, nullable, customattr, calculation, readonly, visibility, accessorclassname, attrsequence, hided, refmodelname, isactive, creator, modifier, createtime, modifytime, isauthen, resid, dynamicattr, notserialize, accesspower, accesspowergroup, industry, createindustry, tenantid, dynamictable, ts, dr) VALUES ('2702b115-ae64-471f-a12a-0ffb85d5a61c', 0, 'code', '编码', null, null, '08ffeabe-e01d-4072-a4c3-025345386ebb', null, null, null, 'N', 40, 0, 'BS000010000100001001', 300, 'Y', 'N', 'N', 'N', 0, null, 1, 'N', null, 'Y', null, null, null, null, 'Y', null, 'N', 'N', 'N', null, '0', null, null, null, '2016-12-15 09:49:18', 0);
INSERT INTO md_property (id, versiontype, name, displayname, description, help, classid, defaultvalue, attrminvalue, attrmaxvalue, fixedlength, attrlength, precise, datatype, datatypestyle, nullable, customattr, calculation, readonly, visibility, accessorclassname, attrsequence, hided, refmodelname, isactive, creator, modifier, createtime, modifytime, isauthen, resid, dynamicattr, notserialize, accesspower, accesspowergroup, industry, createindustry, tenantid, dynamictable, ts, dr) VALUES ('449282ce-da9c-44c3-9f97-75dec757519b', 0, 'name', '名称', null, null, '08ffeabe-e01d-4072-a4c3-025345386ebb', null, null, null, 'N', 200, 0, 'BS000010000100001001', 300, 'Y', 'N', 'N', 'N', 0, null, 2, 'N', null, 'Y', null, null, null, null, 'Y', null, 'N', 'N', 'N', null, '0', null, null, null, '2016-12-15 09:49:19', 0);
INSERT INTO md_property (id, versiontype, name, displayname, description, help, classid, defaultvalue, attrminvalue, attrmaxvalue, fixedlength, attrlength, precise, datatype, datatypestyle, nullable, customattr, calculation, readonly, visibility, accessorclassname, attrsequence, hided, refmodelname, isactive, creator, modifier, createtime, modifytime, isauthen, resid, dynamicattr, notserialize, accesspower, accesspowergroup, industry, createindustry, tenantid, dynamictable, ts, dr) VALUES ('f5b4da25-a7ed-40bb-84a5-caecc57de577', 0, 'wholename', '全称', null, null, '08ffeabe-e01d-4072-a4c3-025345386ebb', null, null, null, 'N', 200, 0, 'BS000010000100001001', 300, 'Y', 'N', 'N', 'N', 0, null, 3, 'N', null, 'Y', null, null, null, null, 'Y', null, 'N', 'N', 'N', null, '0', null, null, null, '2016-12-15 09:49:19', 0);
INSERT INTO md_property (id, versiontype, name, displayname, description, help, classid, defaultvalue, attrminvalue, attrmaxvalue, fixedlength, attrlength, precise, datatype, datatypestyle, nullable, customattr, calculation, readonly, visibility, accessorclassname, attrsequence, hided, refmodelname, isactive, creator, modifier, createtime, modifytime, isauthen, resid, dynamicattr, notserialize, accesspower, accesspowergroup, industry, createindustry, tenantid, dynamictable, ts, dr) VALUES ('520f90df-42d4-4d85-888d-e38f915d6adf', 0, 'phonecode', '电话代码', null, null, '08ffeabe-e01d-4072-a4c3-025345386ebb', null, null, null, 'N', 20, 0, 'BS000010000100001001', 300, 'Y', 'N', 'N', 'N', 0, null, 4, 'N', null, 'Y', null, null, null, null, 'Y', null, 'N', 'N', 'N', null, '0', null, null, null, '2016-12-15 09:49:19', 0);
INSERT INTO md_property (id, versiontype, name, displayname, description, help, classid, defaultvalue, attrminvalue, attrmaxvalue, fixedlength, attrlength, precise, datatype, datatypestyle, nullable, customattr, calculation, readonly, visibility, accessorclassname, attrsequence, hided, refmodelname, isactive, creator, modifier, createtime, modifytime, isauthen, resid, dynamicattr, notserialize, accesspower, accesspowergroup, industry, createindustry, tenantid, dynamictable, ts, dr) VALUES ('c44a1085-6598-454a-b9e6-f77e7875c119', 0, 'description', '描述', null, null, '08ffeabe-e01d-4072-a4c3-025345386ebb', null, null, null, 'N', 100, 0, 'BS000010000100001001', 300, 'Y', 'N', 'N', 'N', 0, null, 5, 'N', null, 'Y', null, null, null, null, 'Y', null, 'N', 'N', 'N', null, '0', null, null, null, '2016-12-15 09:49:19', 0);
INSERT INTO md_property (id, versiontype, name, displayname, description, help, classid, defaultvalue, attrminvalue, attrmaxvalue, fixedlength, attrlength, precise, datatype, datatypestyle, nullable, customattr, calculation, readonly, visibility, accessorclassname, attrsequence, hided, refmodelname, isactive, creator, modifier, createtime, modifytime, isauthen, resid, dynamicattr, notserialize, accesspower, accesspowergroup, industry, createindustry, tenantid, dynamictable, ts, dr) VALUES ('739eb675-c24f-4ba9-bef8-7ae7e573c9a5', 0, 'pktimezone', '时区', null, null, '08ffeabe-e01d-4072-a4c3-025345386ebb', null, null, null, 'N', 20, 0, 'BS000010000100001001', 300, 'Y', 'N', 'N', 'N', 0, null, 6, 'N', null, 'Y', null, null, null, null, 'Y', null, 'N', 'N', 'N', null, '0', null, null, null, '2016-12-15 09:49:19', 0);
INSERT INTO md_property (id, versiontype, name, displayname, description, help, classid, defaultvalue, attrminvalue, attrmaxvalue, fixedlength, attrlength, precise, datatype, datatypestyle, nullable, customattr, calculation, readonly, visibility, accessorclassname, attrsequence, hided, refmodelname, isactive, creator, modifier, createtime, modifytime, isauthen, resid, dynamicattr, notserialize, accesspower, accesspowergroup, industry, createindustry, tenantid, dynamictable, ts, dr) VALUES ('3c7da34b-6479-4050-865e-cba9d2537c10', 0, 'pklang', '语种', null, null, '08ffeabe-e01d-4072-a4c3-025345386ebb', null, null, null, 'N', 50, 0, 'BS000010000100001001', 300, 'Y', 'N', 'N', 'N', 0, null, 7, 'N', null, 'Y', null, null, null, null, 'Y', null, 'N', 'N', 'N', null, '0', null, null, null, '2016-12-15 09:49:19', 0);
INSERT INTO md_property (id, versiontype, name, displayname, description, help, classid, defaultvalue, attrminvalue, attrmaxvalue, fixedlength, attrlength, precise, datatype, datatypestyle, nullable, customattr, calculation, readonly, visibility, accessorclassname, attrsequence, hided, refmodelname, isactive, creator, modifier, createtime, modifytime, isauthen, resid, dynamicattr, notserialize, accesspower, accesspowergroup, industry, createindustry, tenantid, dynamictable, ts, dr) VALUES ('064841b3-cd0c-4194-a810-5a0936993b74', 0, 'creator', '创建人', null, null, '08ffeabe-e01d-4072-a4c3-025345386ebb', null, null, null, 'N', 50, 0, 'BS000010000100001001', 300, 'Y', 'N', 'N', 'N', 0, null, 8, 'N', null, 'Y', null, null, null, null, 'Y', null, 'N', 'N', 'N', null, '0', null, null, null, '2016-12-15 09:49:19', 0);
INSERT INTO md_property (id, versiontype, name, displayname, description, help, classid, defaultvalue, attrminvalue, attrmaxvalue, fixedlength, attrlength, precise, datatype, datatypestyle, nullable, customattr, calculation, readonly, visibility, accessorclassname, attrsequence, hided, refmodelname, isactive, creator, modifier, createtime, modifytime, isauthen, resid, dynamicattr, notserialize, accesspower, accesspowergroup, industry, createindustry, tenantid, dynamictable, ts, dr) VALUES ('1462bbcc-84be-46df-bde4-03037203216b', 0, 'fktelbook', 'fkTelbook', null, null, '6578c47e-3b55-4c9f-9c22-a9bfad79d8cb', null, null, null, 'N', 36, 0, '4bdf8034-83f4-48d4-8e2c-04aca3693586', 302, 'Y', 'N', 'N', 'N', 0, null, 9, 'N', null, 'Y', null, null, null, null, 'Y', null, 'N', 'N', 'N', null, '0', null, null, null, '2016-12-15 09:49:11', 0);
INSERT INTO md_property (id, versiontype, name, displayname, description, help, classid, defaultvalue, attrminvalue, attrmaxvalue, fixedlength, attrlength, precise, datatype, datatypestyle, nullable, customattr, calculation, readonly, visibility, accessorclassname, attrsequence, hided, refmodelname, isactive, creator, modifier, createtime, modifytime, isauthen, resid, dynamicattr, notserialize, accesspower, accesspowergroup, industry, createindustry, tenantid, dynamictable, ts, dr) VALUES ('45259f0e-2d6e-4fd2-bc56-51a322860eed', 0, 'id', 'id', null, null, '4bdf8034-83f4-48d4-8e2c-04aca3693586', null, null, null, 'N', 36, 0, 'BS000010000100001051', 300, 'N', 'N', 'N', 'N', 0, null, 0, 'N', null, 'Y', null, null, null, null, 'Y', null, 'N', 'N', 'N', null, '0', null, null, null, '2016-12-15 09:49:11', 0);
INSERT INTO md_property (id, versiontype, name, displayname, description, help, classid, defaultvalue, attrminvalue, attrmaxvalue, fixedlength, attrlength, precise, datatype, datatypestyle, nullable, customattr, calculation, readonly, visibility, accessorclassname, attrsequence, hided, refmodelname, isactive, creator, modifier, createtime, modifytime, isauthen, resid, dynamicattr, notserialize, accesspower, accesspowergroup, industry, createindustry, tenantid, dynamictable, ts, dr) VALUES ('f1b5fae8-796c-4c5e-a834-0aca9f5f6fe8', 0, 'peoname', '名称', null, null, '4bdf8034-83f4-48d4-8e2c-04aca3693586', null, null, null, 'N', 50, 0, 'BS000010000100001001', 300, 'N', 'N', 'N', 'N', 0, null, 1, 'N', null, 'Y', null, null, null, null, 'Y', null, 'N', 'N', 'N', null, '0', null, null, null, '2016-12-15 09:49:11', 0);
INSERT INTO md_property (id, versiontype, name, displayname, description, help, classid, defaultvalue, attrminvalue, attrmaxvalue, fixedlength, attrlength, precise, datatype, datatypestyle, nullable, customattr, calculation, readonly, visibility, accessorclassname, attrsequence, hided, refmodelname, isactive, creator, modifier, createtime, modifytime, isauthen, resid, dynamicattr, notserialize, accesspower, accesspowergroup, industry, createindustry, tenantid, dynamictable, ts, dr) VALUES ('21d10890-c10e-4fb8-84eb-5a52b7b837b6', 0, 'peocode', '编码', null, null, '4bdf8034-83f4-48d4-8e2c-04aca3693586', null, null, null, 'N', 100, 0, 'BS000010000100001001', 300, 'N', 'N', 'N', 'N', 0, null, 2, 'N', null, 'Y', null, null, null, null, 'Y', null, 'N', 'N', 'N', null, '0', null, null, null, '2016-12-15 09:49:11', 0);
INSERT INTO md_property (id, versiontype, name, displayname, description, help, classid, defaultvalue, attrminvalue, attrmaxvalue, fixedlength, attrlength, precise, datatype, datatypestyle, nullable, customattr, calculation, readonly, visibility, accessorclassname, attrsequence, hided, refmodelname, isactive, creator, modifier, createtime, modifytime, isauthen, resid, dynamicattr, notserialize, accesspower, accesspowergroup, industry, createindustry, tenantid, dynamictable, ts, dr) VALUES ('4b5a5c4d-d097-487b-9e6c-10f2c660c674', 0, 'worktel', '工作电话', null, null, '4bdf8034-83f4-48d4-8e2c-04aca3693586', null, null, null, 'N', 100, 0, 'BS000010000100001001', 300, 'Y', 'N', 'N', 'N', 0, null, 3, 'N', null, 'Y', null, null, null, null, 'Y', null, 'N', 'N', 'N', null, '0', null, null, null, '2016-12-15 09:49:11', 0);
INSERT INTO md_property (id, versiontype, name, displayname, description, help, classid, defaultvalue, attrminvalue, attrmaxvalue, fixedlength, attrlength, precise, datatype, datatypestyle, nullable, customattr, calculation, readonly, visibility, accessorclassname, attrsequence, hided, refmodelname, isactive, creator, modifier, createtime, modifytime, isauthen, resid, dynamicattr, notserialize, accesspower, accesspowergroup, industry, createindustry, tenantid, dynamictable, ts, dr) VALUES ('53c25e75-5354-4038-8a22-f33565f01c46', 0, 'email', '邮箱', null, null, '4bdf8034-83f4-48d4-8e2c-04aca3693586', null, null, null, 'N', 100, 0, 'BS000010000100001001', 300, 'Y', 'N', 'N', 'N', 0, null, 4, 'N', null, 'Y', null, null, null, null, 'Y', null, 'N', 'N', 'N', null, '0', null, null, null, '2016-12-15 09:49:11', 0);
INSERT INTO md_property (id, versiontype, name, displayname, description, help, classid, defaultvalue, attrminvalue, attrmaxvalue, fixedlength, attrlength, precise, datatype, datatypestyle, nullable, customattr, calculation, readonly, visibility, accessorclassname, attrsequence, hided, refmodelname, isactive, creator, modifier, createtime, modifytime, isauthen, resid, dynamicattr, notserialize, accesspower, accesspowergroup, industry, createindustry, tenantid, dynamictable, ts, dr) VALUES ('e62f95a0-0b1e-4438-8a65-64b965bac29c', 0, 'sex', '性别', null, null, '4bdf8034-83f4-48d4-8e2c-04aca3693586', null, null, null, 'N', 50, 0, '90c3c346-8efe-4e48-b892-23e7b2d5f096', 300, 'Y', 'N', 'N', 'N', 0, null, 5, 'N', null, 'Y', null, null, null, null, 'Y', null, 'N', 'N', 'N', null, '0', null, null, null, '2016-12-15 09:49:11', 0);
INSERT INTO md_property (id, versiontype, name, displayname, description, help, classid, defaultvalue, attrminvalue, attrmaxvalue, fixedlength, attrlength, precise, datatype, datatypestyle, nullable, customattr, calculation, readonly, visibility, accessorclassname, attrsequence, hided, refmodelname, isactive, creator, modifier, createtime, modifytime, isauthen, resid, dynamicattr, notserialize, accesspower, accesspowergroup, industry, createindustry, tenantid, dynamictable, ts, dr) VALUES ('dba22392-42c5-4cd8-a203-6eaa3bd9d292', 0, 'tel', '电话', null, null, '4bdf8034-83f4-48d4-8e2c-04aca3693586', null, null, null, 'N', 100, 0, 'BS000010000100001001', 300, 'Y', 'N', 'N', 'N', 0, null, 6, 'N', null, 'Y', null, null, null, null, 'Y', null, 'N', 'N', 'N', null, '0', null, null, null, '2016-12-15 09:49:11', 0);
INSERT INTO md_property (id, versiontype, name, displayname, description, help, classid, defaultvalue, attrminvalue, attrmaxvalue, fixedlength, attrlength, precise, datatype, datatypestyle, nullable, customattr, calculation, readonly, visibility, accessorclassname, attrsequence, hided, refmodelname, isactive, creator, modifier, createtime, modifytime, isauthen, resid, dynamicattr, notserialize, accesspower, accesspowergroup, industry, createindustry, tenantid, dynamictable, ts, dr) VALUES ('283224cd-4613-47bc-aee2-021086bcf0e0', 0, 'office', '办公室', null, null, '4bdf8034-83f4-48d4-8e2c-04aca3693586', null, null, null, 'N', 100, 0, 'BS000010000100001001', 300, 'Y', 'N', 'N', 'N', 0, null, 7, 'N', null, 'Y', null, null, null, null, 'Y', null, 'N', 'N', 'N', null, '0', null, null, null, '2016-12-15 09:49:11', 0);
INSERT INTO md_property (id, versiontype, name, displayname, description, help, classid, defaultvalue, attrminvalue, attrmaxvalue, fixedlength, attrlength, precise, datatype, datatypestyle, nullable, customattr, calculation, readonly, visibility, accessorclassname, attrsequence, hided, refmodelname, isactive, creator, modifier, createtime, modifytime, isauthen, resid, dynamicattr, notserialize, accesspower, accesspowergroup, industry, createindustry, tenantid, dynamictable, ts, dr) VALUES ('16df9de7-2ac7-4458-a95d-185619fe66a4', 0, 'countryzone', '国家地区', null, null, '4bdf8034-83f4-48d4-8e2c-04aca3693586', null, null, null, 'N', 36, 0, '08ffeabe-e01d-4072-a4c3-025345386ebb', 305, 'Y', 'N', 'N', 'N', 0, null, 8, 'N', null, 'Y', null, null, null, null, 'Y', null, 'N', 'N', 'N', null, '0', null, null, null, '2016-12-15 09:49:11', 0);
INSERT INTO md_property (id, versiontype, name, displayname, description, help, classid, defaultvalue, attrminvalue, attrmaxvalue, fixedlength, attrlength, precise, datatype, datatypestyle, nullable, customattr, calculation, readonly, visibility, accessorclassname, attrsequence, hided, refmodelname, isactive, creator, modifier, createtime, modifytime, isauthen, resid, dynamicattr, notserialize, accesspower, accesspowergroup, industry, createindustry, tenantid, dynamictable, ts, dr) VALUES ('5dd3c721-22ad-42b1-9c10-4351c236bc77', 0, 'id', 'id', null, null, '6c8722b9-911a-489b-8d0d-18bd3734fcf6', null, null, null, 'N', null, 0, 'BS000010000100001001', 300, 'Y', 'N', 'N', 'N', 0, null, null, 'N', null, null, null, null, null, null, 'Y', null, 'N', 'Y', null, null, '0', null, null, null, '2016-12-15 09:49:23', 0);
INSERT INTO md_property (id, versiontype, name, displayname, description, help, classid, defaultvalue, attrminvalue, attrmaxvalue, fixedlength, attrlength, precise, datatype, datatypestyle, nullable, customattr, calculation, readonly, visibility, accessorclassname, attrsequence, hided, refmodelname, isactive, creator, modifier, createtime, modifytime, isauthen, resid, dynamicattr, notserialize, accesspower, accesspowergroup, industry, createindustry, tenantid, dynamictable, ts, dr) VALUES ('c8334364-7ab9-4266-8d4b-e74537935e46', 0, 'pid', 'pid', null, null, '6c8722b9-911a-489b-8d0d-18bd3734fcf6', null, null, null, 'N', null, 0, 'BS000010000100001001', 300, 'Y', 'N', 'N', 'N', 0, null, null, 'N', null, null, null, null, null, null, 'Y', null, 'N', 'Y', null, null, '0', null, null, null, '2016-12-15 09:49:23', 0);
INSERT INTO md_property (id, versiontype, name, displayname, description, help, classid, defaultvalue, attrminvalue, attrmaxvalue, fixedlength, attrlength, precise, datatype, datatypestyle, nullable, customattr, calculation, readonly, visibility, accessorclassname, attrsequence, hided, refmodelname, isactive, creator, modifier, createtime, modifytime, isauthen, resid, dynamicattr, notserialize, accesspower, accesspowergroup, industry, createindustry, tenantid, dynamictable, ts, dr) VALUES ('d32cc17b-f415-415a-923f-0764443eb102', 0, 'code', 'code', null, null, '6c8722b9-911a-489b-8d0d-18bd3734fcf6', null, null, null, 'N', null, 0, 'BS000010000100001001', 300, 'Y', 'N', 'N', 'N', 0, null, null, 'N', null, null, null, null, null, null, 'Y', null, 'N', 'Y', null, null, '0', null, null, null, '2016-12-15 09:49:23', 0);
INSERT INTO md_property (id, versiontype, name, displayname, description, help, classid, defaultvalue, attrminvalue, attrmaxvalue, fixedlength, attrlength, precise, datatype, datatypestyle, nullable, customattr, calculation, readonly, visibility, accessorclassname, attrsequence, hided, refmodelname, isactive, creator, modifier, createtime, modifytime, isauthen, resid, dynamicattr, notserialize, accesspower, accesspowergroup, industry, createindustry, tenantid, dynamictable, ts, dr) VALUES ('89578a97-42fe-439b-827c-8eabd9e3604c', 0, 'name', 'name', null, null, '6c8722b9-911a-489b-8d0d-18bd3734fcf6', null, null, null, 'N', null, 0, 'BS000010000100001001', 300, 'Y', 'N', 'N', 'N', 0, null, null, 'N', null, null, null, null, null, null, 'Y', null, 'N', 'Y', null, null, '0', null, null, null, '2016-12-15 09:49:23', 0);
INSERT INTO md_property (id, versiontype, name, displayname, description, help, classid, defaultvalue, attrminvalue, attrmaxvalue, fixedlength, attrlength, precise, datatype, datatypestyle, nullable, customattr, calculation, readonly, visibility, accessorclassname, attrsequence, hided, refmodelname, isactive, creator, modifier, createtime, modifytime, isauthen, resid, dynamicattr, notserialize, accesspower, accesspowergroup, industry, createindustry, tenantid, dynamictable, ts, dr) VALUES ('7dc4f139-c0e3-4478-bf1e-f6b0bb7d5fa0', 0, 'creationtime', '创建时间', null, null, '08ffeabe-e01d-4072-a4c3-025345386ebb', null, null, null, 'N', 0, 0, 'BS000010000100001034', 300, 'Y', 'N', 'N', 'N', 0, null, 9, 'N', null, 'Y', null, null, null, null, 'Y', null, 'N', 'N', 'N', null, '0', null, null, null, '2016-12-15 09:49:19', 0);
INSERT INTO md_property (id, versiontype, name, displayname, description, help, classid, defaultvalue, attrminvalue, attrmaxvalue, fixedlength, attrlength, precise, datatype, datatypestyle, nullable, customattr, calculation, readonly, visibility, accessorclassname, attrsequence, hided, refmodelname, isactive, creator, modifier, createtime, modifytime, isauthen, resid, dynamicattr, notserialize, accesspower, accesspowergroup, industry, createindustry, tenantid, dynamictable, ts, dr) VALUES ('199d907a-f6c3-4143-82ec-3b4a1d49d35d', 0, 'modifier', '最后修改人', null, null, '08ffeabe-e01d-4072-a4c3-025345386ebb', null, null, null, 'N', 50, 0, 'BS000010000100001001', 300, 'Y', 'N', 'N', 'N', 0, null, 10, 'N', null, 'Y', null, null, null, null, 'Y', null, 'N', 'N', 'N', null, '0', null, null, null, '2016-12-15 09:49:19', 0);
INSERT INTO md_property (id, versiontype, name, displayname, description, help, classid, defaultvalue, attrminvalue, attrmaxvalue, fixedlength, attrlength, precise, datatype, datatypestyle, nullable, customattr, calculation, readonly, visibility, accessorclassname, attrsequence, hided, refmodelname, isactive, creator, modifier, createtime, modifytime, isauthen, resid, dynamicattr, notserialize, accesspower, accesspowergroup, industry, createindustry, tenantid, dynamictable, ts, dr) VALUES ('4ebc2d73-fbf7-4138-85b9-0138434dae24', 0, 'modifiedtime', '最后修改时间', null, null, '08ffeabe-e01d-4072-a4c3-025345386ebb', null, null, null, 'N', 0, 0, 'BS000010000100001034', 300, 'Y', 'N', 'N', 'N', 0, null, 11, 'N', null, 'Y', null, null, null, null, 'Y', null, 'N', 'N', 'N', null, '0', null, null, null, '2016-12-15 09:49:19', 0);
INSERT INTO md_sysmoduleconfig (tablename, codefield, namefield, resmodulefield, resmodulevalue, residfield, tenantid, ts, dr) VALUES ('dap_dapsystem', 'moduleid', 'systypename', null, 'funcode', 'resid', null, '2013-01-16 10:36:58', 0);
INSERT INTO md_sysmoduleconfig (tablename, codefield, namefield, resmodulefield, resmodulevalue, residfield, tenantid, ts, dr) VALUES ('dap_dapsystem', 'moduleid', 'systypename', null, 'funcode', 'resid', null, '2013-01-16 10:36:58', 0);
INSERT INTO md_sysmoduleconfig (tablename, codefield, namefield, resmodulefield, resmodulevalue, residfield, tenantid, ts, dr) VALUES ('dap_dapsystem', 'moduleid', 'systypename', null, 'funcode', 'resid', null, '2013-01-16 10:36:58', 0);
INSERT INTO md_sysmoduleconfig (tablename, codefield, namefield, resmodulefield, resmodulevalue, residfield, tenantid, ts, dr) VALUES ('dap_dapsystem', 'moduleid', 'systypename', null, 'funcode', 'resid', null, '2013-01-16 10:36:58', 0);
INSERT INTO md_table (id, versiontype, displayname, name, databaseid, description, help, isactive, creator, modifier, createtime, modifytime, resid, parenttable, isextendtable, fromsourcebmf, industry, tenantid, resmodule, ts, dr) VALUES ('sys_dict_type_meta', 0, '档案', 'sys_dict_type_meta', null, null, null, null, null, null, '2016-12-12 15:28:29', '2016-12-13 11:10:33', null, null, null, 'Y', '0', null, 'sys_dict_type', '2016-12-15 09:48:38', 0);
INSERT INTO md_table (id, versiontype, displayname, name, databaseid, description, help, isactive, creator, modifier, createtime, modifytime, resid, parenttable, isextendtable, fromsourcebmf, industry, tenantid, resmodule, ts, dr) VALUES ('cardTableMeta', 0, '卡片列表', 'cardTableMeta', null, null, null, null, null, null, '2016-12-12 15:03:23', '2016-12-13 14:58:29', null, null, null, 'Y', '0', null, 'cardtable', '2016-12-15 09:48:57', 0);
INSERT INTO md_table (id, versiontype, displayname, name, databaseid, description, help, isactive, creator, modifier, createtime, modifytime, resid, parenttable, isextendtable, fromsourcebmf, industry, tenantid, resmodule, ts, dr) VALUES ('org', 0, '组织', 'org', null, null, null, null, null, null, '2016-11-07 13:30:47', '2016-12-14 13:59:45', null, null, null, 'Y', '0', null, 'org', '2016-12-15 09:49:03', 0);
INSERT INTO md_table (id, versiontype, displayname, name, databaseid, description, help, isactive, creator, modifier, createtime, modifytime, resid, parenttable, isextendtable, fromsourcebmf, industry, tenantid, resmodule, ts, dr) VALUES ('dept', 0, '部门', 'dept', null, null, null, null, null, null, '2016-11-16 10:53:23', '2016-12-14 14:00:00', null, null, null, 'Y', '0', null, 'dept', '2016-12-15 09:49:04', 0);
INSERT INTO md_table (id, versiontype, displayname, name, databaseid, description, help, isactive, creator, modifier, createtime, modifytime, resid, parenttable, isextendtable, fromsourcebmf, industry, tenantid, resmodule, ts, dr) VALUES ('sys_user', 0, '用户管理表', 'sys_user', null, null, null, null, null, null, '2016-11-08 09:18:08', '2016-12-14 14:15:14', null, null, null, 'Y', '0', null, 'userManagement', '2016-12-15 09:49:06', 0);
INSERT INTO md_table (id, versiontype, displayname, name, databaseid, description, help, isactive, creator, modifier, createtime, modifytime, resid, parenttable, isextendtable, fromsourcebmf, industry, tenantid, resmodule, ts, dr) VALUES ('sys_user_job', 0, '用户任职表', 'sys_user_job', null, null, null, null, null, null, '2016-11-08 09:33:28', '2016-12-14 14:15:14', null, null, null, 'Y', '0', null, 'userManagement', '2016-12-15 09:49:06', 0);
INSERT INTO md_table (id, versiontype, displayname, name, databaseid, description, help, isactive, creator, modifier, createtime, modifytime, resid, parenttable, isextendtable, fromsourcebmf, industry, tenantid, resmodule, ts, dr) VALUES ('instit', 0, '机构', 'instit', null, null, null, null, null, null, '2016-12-13 13:12:28', '2016-12-14 09:59:14', null, null, null, 'Y', '0', null, 'address', '2016-12-15 09:49:11', 0);
INSERT INTO md_table (id, versiontype, displayname, name, databaseid, description, help, isactive, creator, modifier, createtime, modifytime, resid, parenttable, isextendtable, fromsourcebmf, industry, tenantid, resmodule, ts, dr) VALUES ('telbook', 0, '通讯录', 'telbook', null, null, null, null, null, null, '2016-12-13 13:12:28', '2016-12-14 09:59:14', null, null, null, 'Y', '0', null, 'address', '2016-12-15 09:49:11', 0);
INSERT INTO md_table (id, versiontype, displayname, name, databaseid, description, help, isactive, creator, modifier, createtime, modifytime, resid, parenttable, isextendtable, fromsourcebmf, industry, tenantid, resmodule, ts, dr) VALUES ('bd_countryzone', 0, '国家地区', 'bd_countryzone', null, null, null, null, null, null, '2016-11-16 11:11:17', '2016-12-13 14:58:33', null, null, null, 'Y', '0', null, 'countryzone', '2016-12-15 09:49:19', 0);
